State,Month,Year,Gross_Statutory,VAT,Total_Allocation,Exchange_Gain,Deduction,EMTL,Source_File
ABIA,4,2021,1460694458.5041747,1036955401.0117,2563978771.393975,11283398.879999999,-117386947.9019,,"Disbursement April, 2021.xlsx"
ADAMAWA,4,2021,1842456415.59,1271865568.8199,3200948395.9137,14232388.2579,-145104778.0833,,"Disbursement April, 2021.xlsx"
AKWA IBOM,4,2021,2454043677.755825,1804924576.6472,4354098074.526725,18956704.8229,-213522507.2378,,"Disbursement April, 2021.xlsx"
ANAMBRA,4,2021,1852413245.3966022,1363487191.9136,3303753681.514202,14309301.5931,-145130245.2954,,"Disbursement April, 2021.xlsx"
BAUCHI,4,2021,2102855603.007961,1382565717.7594,3610818211.731961,16243888.9409,-139085474.1462,,"Disbursement April, 2021.xlsx"
BAYELSA,4,2021,855939201.9480582,853621368.6495,1761542537.3562582,6611857.3815,-55672036.7791,,"Disbursement April, 2021.xlsx"
BENUE,4,2021,2288232352.3735924,1435019715.7877,3813919159.4545927,17675865.2121,-159615654.1022,,"Disbursement April, 2021.xlsx"
BORNO,4,2021,2484334606.131068,1570988945.0736,4180927047.426469,19190692.5876,-186858610.7381,,"Disbursement April, 2021.xlsx"
CROSS RIVER,4,2021,1601572274.2036893,1071954134.662,2754624707.112089,12371635.087199999,-120336180.84,,"Disbursement April, 2021.xlsx"
DELTA,4,2021,2052185168.74767,1532280849.0573,3670192824.5405703,15852475.9963,-172382588.0771,,"Disbursement April, 2021.xlsx"
EBONYI,4,2021,1184739951.3437865,874497653.8482,2106103281.2809863,9151738.3156,-102142569.6145,,"Disbursement April, 2021.xlsx"
EDO,4,2021,1570199418.9983494,1143042649.1173,2786378311.429449,12129289.7861,-124352379.0332,,"Disbursement April, 2021.xlsx"
EKITI,4,2021,1246795280.9449515,984797953.4007,2278251861.1968513,9631095.9467,-110154501.0903,,"Disbursement April, 2021.xlsx"
ENUGU,4,2021,1595345953.8602912,1115410896.7955,2793676872.4951916,12323538.7477,-117731354.5331,,"Disbursement April, 2021.xlsx"
GOMBE,4,2021,1093132161.8169904,731970020.3937,1886253895.1053905,8444097.3562,-76334750.3288,,"Disbursement April, 2021.xlsx"
IMO,4,2021,2138118459.9167962,1539485420.2021,3760548287.139596,16516283.2654,-185973071.8416,,"Disbursement April, 2021.xlsx"
JIGAWA,4,2021,2246294752.80301,1613729998.4725,3956298121.07411,17351910.632,-186249761.1761,,"Disbursement April, 2021.xlsx"
KADUNA,4,2021,2526171151.2596116,1849828255.8272,4533499174.810012,19513866.5567,-160224245.1906,,"Disbursement April, 2021.xlsx"
KANO,4,2021,4021880980.1452427,3139203865.1106,6849822131.897543,31067748.0136,-817106572.6766,,"Disbursement April, 2021.xlsx"
KATSINA,4,2021,3061926448.3564076,2084186357.8099,5296086988.934208,23652405.3813,-235133357.5207,,"Disbursement April, 2021.xlsx"
KEBBI,4,2021,1932404253.45233,1220002201.8178,3218434518.8672304,14927206.6223,-145334843.3474,,"Disbursement April, 2021.xlsx"
KOGI,4,2021,1997281341.684466,1232431416.9038,3302671021.5188656,15428361.7445,-145500783.572,,"Disbursement April, 2021.xlsx"
KWARA,4,2021,1413285754.316505,935141091.4812,2392429159.279805,10917181.7651,-110580344.2858,,"Disbursement April, 2021.xlsx"
LAGOS,4,2021,2407526895.1973786,7131015655.515,9701479573.691078,18597377.5122,-139864751.1461,,"Disbursement April, 2021.xlsx"
NASSARAWA,4,2021,1260894478.8309708,766802162.4353,2096148533.637271,9740007.7585,-90134533.3587,,"Disbursement April, 2021.xlsx"
NIGER,4,2021,2333818418.5302916,1500859482.4794,3916843829.239291,18028003.041,-173102939.2218,,"Disbursement April, 2021.xlsx"
OGUN,4,2021,1664937621.5419416,1352011675.4254,3088388039.4174414,12861112.1815,-137965383.6753,,"Disbursement April, 2021.xlsx"
ONDO,4,2021,1590120743.2659223,1152442537.6607,2818154134.053422,12283175.6599,-124403333.062,,"Disbursement April, 2021.xlsx"
OSUN,4,2021,2153858750.1224275,1597961523.8681,3816648093.7570276,16637871.989099998,-206069361.9159,,"Disbursement April, 2021.xlsx"
OYO,4,2021,2716924759.887573,2702487048.7746,5533561885.251372,20987377.3566,-227565581.5393,,"Disbursement April, 2021.xlsx"
PLATEAU,4,2021,1703147794.708932,1124939972.0251,2896367927.822832,13156273.586199999,-118007086.1079,,"Disbursement April, 2021.xlsx"
RIVERS,4,2021,2111146108.7751458,2014651795.8469,4232160281.7108455,16307930.459800001,-159162709.4357,,"Disbursement April, 2021.xlsx"
SOKOTO,4,2021,2126250886.1484468,1451488708.9585,3685963110.2504463,16424610.045899998,-159201343.8789,,"Disbursement April, 2021.xlsx"
TARABA,4,2021,1593632152.6708736,907988999.4081,2591015350.9496737,12310300.173,-111041627.6559,,"Disbursement April, 2021.xlsx"
YOBE,4,2021,1602257467.7583497,1131309281.01,2817338374.1655498,12376927.986,-117749032.5488,,"Disbursement April, 2021.xlsx"
ZAMFARA,4,2021,1447746730.0459223,949369392.8929,2481905708.092222,11183381.8144,-97297800.5394,,"Disbursement April, 2021.xlsx"
FCT-ABUJA,4,2021,639425258.8505825,3576544717.431,4254644822.559783,4939356.211499999,-41747558.6365,,"Disbursement April, 2021.xlsx"
ABIA,4,2022,1942003382.7068932,1315861323.3863,3286994756.8337965,,0.0,,"Disbursement April, 2022.xlsx"
ADAMAWA,4,2022,2449558544.3863106,1492139504.4118,4015184805.1296997,,0.0,,"Disbursement April, 2022.xlsx"
AKWA IBOM,4,2022,3262668038.320097,2226465633.3767,5538073692.271599,,0.0,,"Disbursement April, 2022.xlsx"
ANAMBRA,4,2022,2462796218.4614563,1667307398.8391,4203987503.8543997,,0.0,,"Disbursement April, 2022.xlsx"
BAUCHI,4,2022,2795761064.616116,1723279160.5622,4602913057.1168,,0.0,,"Disbursement April, 2022.xlsx"
BAYELSA,4,2022,1137977087.4718447,772589858.7443,1927636602.5282226,,0.0,,"Disbursement April, 2022.xlsx"
BENUE,4,2022,3042220734.7049513,1741181760.1864,4689497307.391926,,-139538498.52,,"Disbursement April, 2022.xlsx"
BORNO,4,2022,3302940037.0450487,1959992475.9014,5362020714.0578,,0.0,,"Disbursement April, 2022.xlsx"
CROSS RIVER,4,2022,2129301412.7941747,1283425591.3059,3406115259.1120872,,-38551266.1799,,"Disbursement April, 2022.xlsx"
DELTA,4,2022,2728394371.9007764,1922441402.9845,4691761690.463788,,0.0,,"Disbursement April, 2022.xlsx"
EBONYI,4,2022,1575119957.3208737,1029875065.9681,2610608534.2605,,-41640087.7481,,"Disbursement April, 2022.xlsx"
EDO,4,2022,2087590984.8674755,1453193943.1777,3572098792.8181877,,0.0,,"Disbursement April, 2022.xlsx"
EKITI,4,2022,1657622947.1139805,1136902833.2737,2844254468.8011,,0.0,,"Disbursement April, 2022.xlsx"
ENUGU,4,2022,2121023476.8450487,1386035674.4996,3570689855.65,,0.0,,"Disbursement April, 2022.xlsx"
GOMBE,4,2022,1453326767.7133982,887663198.2384,2330606211.5532,,-53983557.43,,"Disbursement April, 2022.xlsx"
IMO,4,2022,2842643276.704757,1868609174.675,4753892100.530329,,0.0,,"Disbursement April, 2022.xlsx"
JIGAWA,4,2022,2986464406.093204,1978316386.8307,5054374725.1067,,0.0,,"Disbursement April, 2022.xlsx"
KADUNA,4,2022,3358562013.076699,2062023944.0856,5521342817.5546,,0.0,,"Disbursement April, 2022.xlsx"
KANO,4,2022,5347118572.823592,3801354933.7322,8796222618.7001,,-512664445.0404,,"Disbursement April, 2022.xlsx"
KATSINA,4,2022,4070852385.103204,2497587937.7022,6690565894.3585,,0.0,,"Disbursement April, 2022.xlsx"
KEBBI,4,2022,2569144816.7777667,1490946705.0787,4098628694.1081333,,0.0,,"Disbursement April, 2022.xlsx"
KOGI,4,2022,2655399354.182136,1507641037.1319,4015728382.8566685,,-187142998.7701,,"Disbursement April, 2022.xlsx"
KWARA,4,2022,1878973182.6772814,1200140336.3345,3107298116.7519407,,0.0,,"Disbursement April, 2022.xlsx"
LAGOS,4,2022,3200823654.2635922,8797132394.9835,12093980758.875,,0.0,,"Disbursement April, 2022.xlsx"
NASSARAWA,4,2022,1676367928.1936893,931040736.0794,2618461574.8789997,,-39238127.2399,,"Disbursement April, 2022.xlsx"
NIGER,4,2022,3102827724.8696113,1867911486.8046,5017281627.5472555,,0.0,,"Disbursement April, 2022.xlsx"
OGUN,4,2022,2213546080.226893,1561983144.2636,3726158656.4973,,-115776950.4,,"Disbursement April, 2022.xlsx"
ONDO,4,2022,2114076523.2299027,1391179871.2469,3489790415.5052514,,-47177126.82,,"Disbursement April, 2022.xlsx"
OSUN,4,2022,2863570101.3711653,1936318025.9464,4803766585.2586,,-82028645.1001,,"Disbursement April, 2022.xlsx"
OYO,4,2022,3612170254.733398,3153428886.7663,6790275667.6817,,-83688581.46,,"Disbursement April, 2022.xlsx"
PLATEAU,4,2022,2264346769.6607766,1352303146.8744,3650615118.0800886,,0.0,,"Disbursement April, 2022.xlsx"
RIVERS,4,2022,2806783349.359126,3896368718.4799,6745253818.079412,,0.0,,"Disbursement April, 2022.xlsx"
SOKOTO,4,2022,2826865255.3203883,1679693946.3274,4555376121.1374,,-35989038.17,,"Disbursement April, 2022.xlsx"
TARABA,4,2022,2118744966.3137863,1113327999.7161,3295635315.0192995,,0.0,,"Disbursement April, 2022.xlsx"
YOBE,4,2022,2130212382.363107,1170913840.7291,3365032594.5631,,0.0,,"Disbursement April, 2022.xlsx"
ZAMFARA,4,2022,1924789288.1935923,1161310932.9861,3143843899.8255,,0.0,,"Disbursement April, 2022.xlsx"
FCT-ABUJA,4,2022,850120303.0152427,3122962082.1186,3998585994.2243,,0.0,,"Disbursement April, 2022.xlsx"
ABIA,4,2023,1919305241.29845,1223580204.8176,3281747868.434827,,0.0,110072843.6993,"Disbursement April, 2023.xlsx"
ADAMAWA,4,2023,2420928096.71379,1519225927.2679,4098708070.2304034,,-29166666.69,115092870.0373,"Disbursement April, 2023.xlsx"
AKWA IBOM,4,2023,3224533964.42437,2112463910.2545,5542933324.982035,,0.0,157567440.8368,"Disbursement April, 2023.xlsx"
ANAMBRA,4,2023,2434011048.81418,1773599573.8203,4439565119.137105,,0.0,158934165.0382,"Disbursement April, 2023.xlsx"
BAUCHI,4,2023,2763084200.84019,1663124779.6744,4634841565.665996,,0.0,125740059.1262,"Disbursement April, 2023.xlsx"
BAYELSA,4,2023,1124676407.83311,1025837022.5553,2219380950.2039065,,0.0,51997373.698,"Disbursement April, 2023.xlsx"
BENUE,4,2023,3006663249.5599,1785577471.7513,4830395095.620098,,-139538498.5201,132592924.0856,"Disbursement April, 2023.xlsx"
BORNO,4,2023,3264335263.90621,1952941856.1182,5462089066.510396,,0.0,146881888.5688,"Disbursement April, 2023.xlsx"
CROSS RIVER,4,2023,2104414131.44388,1278919692.6259,3477907500.4462385,,-38551266.18,101558730.5848,"Disbursement April, 2023.xlsx"
DELTA,4,2023,2696504890.2333,2195696869.8157,5107232065.6091,,0.0,174582732.2066,"Disbursement April, 2023.xlsx"
EBONYI,4,2023,1556709950.49767,1020078960.0333,2650474718.3413997,,-46795742.9999,73780252.2954,"Disbursement April, 2023.xlsx"
EDO,4,2023,2063191215.12515,1502878016.515,3732206751.1438274,,0.0,135189651.2768,"Disbursement April, 2023.xlsx"
EKITI,4,2023,1638248645.0966,1173676799.3618,2948334921.336198,,0.0,87262017.5249,"Disbursement April, 2023.xlsx"
ENUGU,4,2023,2096232948.03515,1344940716.4258,3618359287.427005,,0.0,114298634.525,"Disbursement April, 2023.xlsx"
GOMBE,4,2023,1436340280.05854,892074644.4993,2385839014.6082964,,-53983557.43,68317439.0787,"Disbursement April, 2023.xlsx"
IMO,4,2023,2809418453.49233,1849772286.2888,4853592100.211715,,0.0,152260083.6282,"Disbursement April, 2023.xlsx"
JIGAWA,4,2023,2951558601.08573,2016968428.9636,5198615029.256001,,0.0,141541241.1741,"Disbursement April, 2023.xlsx"
KADUNA,4,2023,3319307130.1134,2178138963.5608,5768520428.482002,,0.0,171495120.9044,"Disbursement April, 2023.xlsx"
KANO,4,2023,5284621434.77806,3734514195.1624,8954429229.095701,,-512664445.0398,289419401.1517,"Disbursement April, 2023.xlsx"
KATSINA,4,2023,4023272250.11874,2466924428.0817,6798177723.610502,,0.0,187282877.9065,"Disbursement April, 2023.xlsx"
KEBBI,4,2023,2539116644.39204,1500381795.6893,4190152474.7534204,,0.0,112567285.0062,"Disbursement April, 2023.xlsx"
KOGI,4,2023,2624363038.50223,1523067000.7236,4116934752.1122637,,-187142998.77,117282266.0789,"Disbursement April, 2023.xlsx"
KWARA,4,2023,1857011738.43738,1197540279.2514,3178486211.6078405,,0.0,96079017.8425,"Disbursement April, 2023.xlsx"
LAGOS,4,2023,3163412417.71544,8487268644.6781,12179067029.251503,,0.0,433483594.3265,"Disbursement April, 2023.xlsx"
NASSARAWA,4,2023,1656774534.78087,919226943.0851,2661269886.073396,,-39238127.2401,74803299.4041,"Disbursement April, 2023.xlsx"
NIGER,4,2023,3066561865.04039,1926073916.4295,5180373536.722197,,0.0,141739327.2767,"Disbursement April, 2023.xlsx"
OGUN,4,2023,2187674146.94883,1594174451.0923,3877890018.2991953,,-115776950.3997,146188146.2493,"Disbursement April, 2023.xlsx"
ONDO,4,2023,2089367190.43456,1424926695.6426,3613347627.0859785,,-47177126.8198,114890359.9721,"Disbursement April, 2023.xlsx"
OSUN,4,2023,2830100685.36903,1983618613.1975,4970963340.3227005,,-82028645.0998,154369666.2949,"Disbursement April, 2023.xlsx"
OYO,4,2023,3569951197.87485,3177463432.1046,6992915054.719095,,-83688581.4598,222090470.2632,"Disbursement April, 2023.xlsx"
PLATEAU,4,2023,2237881077.77116,1309438457.0667,3686853021.503927,,0.0,105965270.4995,"Disbursement April, 2023.xlsx"
RIVERS,4,2023,2773977657.08592,4118623293.566,7108394875.346809,,0.0,174184259.8386,"Disbursement April, 2023.xlsx"
SOKOTO,4,2023,2793824845.66981,1639686053.4838,4607738368.337404,,-35989038.1698,126401761.9835,"Disbursement April, 2023.xlsx"
TARABA,4,2023,2093981068.74175,1097622710.9928,3339776924.9520025,,0.0,85353713.1552,"Disbursement April, 2023.xlsx"
YOBE,4,2023,2105314453.59748,1210659796.5437,3467388052.7217045,,0.0,88254368.9726,"Disbursement April, 2023.xlsx"
ZAMFARA,4,2023,1902292345.17388,1137483991.2846,3184040495.5021963,,0.0,87195388.6885,"Disbursement April, 2023.xlsx"
FCT-ABUJA,4,2023,840184094.343398,1984385174.3296,2943845349.8768,,0.0,94070558.3735,"Disbursement April, 2023.xlsx"
ABIA,4,2024,1055617058.7748,3072551585.6261,5319033744.15325,1047536910.333,0.0,111780879.8826,"Disbursement April, 2024.xlsx"
ADAMAWA,4,2024,1331509413.9114,3952127558.5427,6798954631.5748,1321317466.3423,0.0,114415386.3709,"Disbursement April, 2024.xlsx"
AKWA IBOM,4,2024,1773492296.1711,5311756677.7735,9057059481.64805,1759917220.9167,0.0,158892144.0302,"Disbursement April, 2024.xlsx"
ANAMBRA,4,2024,1338705031.9502,4416588452.9514,7323679402.2304,1328458006.0163,0.0,159913020.1739,"Disbursement April, 2024.xlsx"
BAUCHI,4,2024,1519695124.2965,4170679187.7904,7415100775.133,1508062722.1026,0.0,125831005.5514,"Disbursement April, 2024.xlsx"
BAYELSA,4,2024,618571541.4953,2299254391.4921,3602053503.5303,613836728.0177,0.0,51904718.4825,"Disbursement April, 2024.xlsx"
BENUE,4,2024,1653663496.5265,4744497607.8839,8222148616.041,1641005642.6072,0.0,133561831.9365,"Disbursement April, 2024.xlsx"
BORNO,4,2024,1795382993.8004,4931392986.62,8764041974.4067,1781640357.7005,0.0,148314935.741,"Disbursement April, 2024.xlsx"
CROSS RIVER,4,2024,1157426868.8896,3246605550.3028,5690076433.75565,1148567424.2325,0.0,102886675.9341,"Disbursement April, 2024.xlsx"
DELTA,4,2024,1483076532.0442,5408134508.9964,8581487746.62385,1471724424.3555,0.0,174230266.8815,"Disbursement April, 2024.xlsx"
EBONYI,4,2024,856189804.4928,2568937677.9368,4391143431.8486,849636158.3039,-8818754.99,74023767.2212,"Disbursement April, 2024.xlsx"
EDO,4,2024,1134754282.6104,3456422847.1188,5887561194.79985,1126068383.7117,0.0,136403341.3641,"Disbursement April, 2024.xlsx"
EKITI,4,2024,901036051.5185,2922046346.7756,4860887418.6882,894139132.8043,0.0,89810632.0602,"Disbursement April, 2024.xlsx"
ENUGU,4,2024,1152927221.5266,3350156527.7456,5832694668.1878,1144102219.112,0.0,116597816.5844,"Disbursement April, 2024.xlsx"
GOMBE,4,2024,789986537.4251,2383249662.8536,4025368459.9944,783939639.6071,0.0,68192620.1078,"Disbursement April, 2024.xlsx"
IMO,4,2024,1545178943.3642,4668867278.435,7950445811.7526,1533351477.0236,0.0,156870156.624,"Disbursement April, 2024.xlsx"
JIGAWA,4,2024,1623355963.5212,4981414072.1267,8456191468.0494,1610930096.5372,0.0,143462754.0629,"Disbursement April, 2024.xlsx"
KADUNA,4,2024,1825617496.6156,5128702968.6076,8938771260.9846,1811643432.5863,0.0,172807363.1792,"Disbursement April, 2024.xlsx"
KANO,4,2024,2906539520.4909,9243837460.7019,14987618079.7614,2884291612.8978,-512664445.04,291888996.7096,"Disbursement April, 2024.xlsx"
KATSINA,4,2024,2212798010.4127,6332025444.6475,11062506577.7996,2195860299.6712,0.0,189563073.7656,"Disbursement April, 2024.xlsx"
KEBBI,4,2024,1396513064.3969,3720370327.5615,6657023279.56995,1385823550.8397,0.0,112581287.5432,"Disbursement April, 2024.xlsx"
KOGI,4,2024,1443398544.562,3873863350.2731,6910282911.75765,1432350149.3102,0.0,117534637.2043,"Disbursement April, 2024.xlsx"
KWARA,4,2024,1021355658.9432,3081693688.6473,5242695278.71675,1013537762.0387,0.0,95584767.7727,"Disbursement April, 2024.xlsx"
LAGOS,4,2024,1739875471.7208,23839104134.1546,27872267042.1473,1726557714.1452,0.0,462736726.5509,"Disbursement April, 2024.xlsx"
NASSARAWA,4,2024,911225282.8918,2287879239.6508,4178907972.3199,904250371.4046,0.0,75553078.3739,"Disbursement April, 2024.xlsx"
NIGER,4,2024,1686607709.3262,4589122983.7765,8141134597.2853,1673697686.1883,0.0,141301637.0616,"Disbursement April, 2024.xlsx"
OGUN,4,2024,1203219841.6741,3954779661.6281,6571589083.3991,1194009877.845,0.0,147662810.6661,"Disbursement April, 2024.xlsx"
ONDO,4,2024,1149151057.7938,3524124037.4629,5964644790.8514,1140354959.7657,0.0,116672145.5655,"Disbursement April, 2024.xlsx"
OSUN,4,2024,1556554162.0175,4841369680.7656,8192776945.2901,1544639624.8453,0.0,157177664.0557,"Disbursement April, 2024.xlsx"
OYO,4,2024,1963471626.2854,7769716217.0666,12038193690.6628,1948442367.2662,0.0,239206060.238,"Disbursement April, 2024.xlsx"
PLATEAU,4,2024,1230833632.0728,3312624822.0714,5909107634.462,1221412300.3777,0.0,107453190.9532,"Disbursement April, 2024.xlsx"
RIVERS,4,2024,1525686520.5548,10654051933.2612,13919119014.2875,1514008257.6294,0.0,179776881.1693,"Disbursement April, 2024.xlsx"
SOKOTO,4,2024,1536602465.7559,4198710967.7529,7479818816.2703,1524840647.4754,0.0,127821441.889,"Disbursement April, 2024.xlsx"
TARABA,4,2024,1151688688.8819,2790400489.941,5169994558.303,1142873166.7309,0.0,85032212.7508,"Disbursement April, 2024.xlsx"
YOBE,4,2024,1157922045.6871,2995724833.0596,5460290119.2825,1149058810.7337,0.0,88375004.1093,"Disbursement April, 2024.xlsx"
ZAMFARA,4,2024,1046259973.2098,2929754436.5843,5165240414.3496,1038251447.9384,0.0,88439213.9829,"Disbursement April, 2024.xlsx"
FCT-ABUJA,4,2024,462100891.206,4205098860.5835,5253273901.8482,458563771.5989,0.0,99890438.5756,"Disbursement April, 2024.xlsx"
ABIA,8,2021,2356175457.552,870479466.8557,3192932685.366,8974111.3512,-113650837.4599,,Disbursement August 2021.xlsx
ADAMAWA,8,2021,2971977173.4251003,1036288108.2228,3968691525.9498005,11319553.4747,-140392210.98,,Disbursement August 2021.xlsx
AKWA IBOM,8,2021,3958498953.4431,1442412571.0045,5327950137.733299,15076980.0607,-207245644.78,,Disbursement August 2021.xlsx
ANAMBRA,8,2021,2988038053.1578,1160631836.1758,4109640967.2566004,11380725.5419,-140392210.9803,,Disbursement August 2021.xlsx
BAUCHI,8,2021,3392014485.8063,1279376269.2772,4652751278.9193,12919375.5937,-133706867.6001,,Disbursement August 2021.xlsx
BAYELSA,8,2021,1380674054.759,470305091.2946,1844333039.1780999,5258658.7589,-53482747.0399,,Disbursement August 2021.xlsx
BENUE,8,2021,3691036738.3477,1182798492.1118,4510630041.1186495,14058280.1617,-432839894.7802,,Disbursement August 2021.xlsx
BORNO,8,2021,4007359782.3516,1316098271.695,5278895547.9619,15263079.325,-180504271.2602,,Disbursement August 2021.xlsx
CROSS RIVER,8,2021,2583418636.2552,882269818.09,3355887115.5446,9839626.5162,-197438713.2001,,Disbursement August 2021.xlsx
DELTA,8,2021,3310280463.3814,1344281365.5919,4599722970.6415,12608070.1618,-167133584.4999,,Disbursement August 2021.xlsx
EBONYI,8,2021,1911046612.5791001,690706746.041,2498465335.1332,7278721.5584,-168116505.0696,,Disbursement August 2021.xlsx
EDO,8,2021,2532812603.5987,1008457721.953,3506854809.4114003,9646880.1862,-120336180.8399,,Disbursement August 2021.xlsx
EKITI,8,2021,2011145058.0589,820396843.4084,2792800531.0161,7659972.7056,-106965494.0799,,Disbursement August 2021.xlsx
ENUGU,8,2021,2573375260.5866003,919352940.4224,3466374036.2665,9801373.6891,-113650837.4601,,Disbursement August 2021.xlsx
GOMBE,8,2021,1763278525.8676,611892365.2014,2253480740.1454,6715908.0975,-181505892.04,,Disbursement August 2021.xlsx
IMO,8,2021,3448895291.7325,1279142007.1224,4664529988.0195,13136021.0415,-180504271.26,,Disbursement August 2021.xlsx
JIGAWA,8,2021,3623389228.4373,1355269152.9908,4921070432.7300005,13800626.902,-180504271.26,,Disbursement August 2021.xlsx
KADUNA,8,2021,4074844286.2369003,1646972267.8557,5706284700.0247,15520111.7333,-153762897.7402,,Disbursement August 2021.xlsx
KANO,8,2021,6487501341.1896,2701552445.5276,8602309901.6756,24709348.0415,-806819553.7601,,Disbursement August 2021.xlsx
KATSINA,8,2021,4939045197.6074,1715321362.4091,6594612237.694799,18811647.2527,-227301674.9199,,Disbursement August 2021.xlsx
KEBBI,8,2021,3117067672.5346,1017641776.8951,4053123504.70965,11872168.6423,-140392210.9799,,Disbursement August 2021.xlsx
KOGI,8,2021,3221717760.1418,1055305586.0339,3823125721.0971003,12270755.9106,-514678208.7301,,Disbursement August 2021.xlsx
KWARA,8,2021,2279702773.8701,796507626.3483,3012253535.529,8682845.106,-106965494.0801,,Disbursement August 2021.xlsx
LAGOS,8,2021,3883464985.3261,5362753330.2909,9244250326.9232,14791193.5403,-133706867.6,,Disbursement August 2021.xlsx
NASSARAWA,8,2021,2033887791.0351,648184556.8715,2585682255.4094,7746594.3608,-165385718.4201,,Disbursement August 2021.xlsx
NIGER,8,2021,3764569412.9321,1231983953.2969,4900441746.764449,14338348.6123,-167133584.4998,,Disbursement August 2021.xlsx
OGUN,8,2021,2685630207.8736,1102572033.3032,3514046172.8524,10228926.0578,-365260768.4001,,Disbursement August 2021.xlsx
ONDO,8,2021,2564946726.5488,978851077.4947,3416118120.9124002,9769271.41,-214690434.4798,,Disbursement August 2021.xlsx
OSUN,8,2021,3474285191.216,1333849982.2983,4561375844.2276,13232725.123,-364617591.8998,,Disbursement August 2021.xlsx
OYO,8,2021,4382539689.935201,2119426300.7518,6262641498.701801,16692050.2688,-387993494.4598,,Disbursement August 2021.xlsx
PLATEAU,8,2021,2747265186.8528996,921832138.6224,3607276100.0217,10463679.0183,-113650837.4599,,Disbursement August 2021.xlsx
RIVERS,8,2021,3405387498.9682,2231169666.6944,5598315312.4152,12970310.217,-153762897.7401,,Disbursement August 2021.xlsx
SOKOTO,8,2021,3429752283.494,1145306490.7694,4465665371.8652,13063109.8804,-225740974.0798,,Disbursement August 2021.xlsx
TARABA,8,2021,2570610810.9252,769471940.5022,3320320151.5708003,9790844.5589,-106965494.08,,Disbursement August 2021.xlsx
YOBE,8,2021,2584523888.7794,817358069.646,3375905988.8736,9843836.1601,-113650837.4599,,Disbursement August 2021.xlsx
ZAMFARA,8,2021,2335290104.1180997,803834287.9122,3124749688.7665997,8894564.0124,-93594807.3202,,Disbursement August 2021.xlsx
FCT-ABUJA,8,2021,1031425903.6661,3124179110.8616,4150482040.7303,3928455.7016,-40112060.28,,Disbursement August 2021.xlsx
ABIA,8,2022,2994710182.11456,1095222860.3514,4134853695.1976786,,0.0,,"Disbursement August, 2022.xlsx"
ADAMAWA,8,2022,3777397083.79621,1284763026.017,5146315355.636995,,-29166666.6901,,"Disbursement August, 2022.xlsx"
AKWA IBOM,8,2022,5031270945.3666,1906030366.7099,7012770376.256999,,0.0,,"Disbursement August, 2022.xlsx"
ANAMBRA,8,2022,3797810538.11544,1518138796.766,5429883651.024903,,0.0,,"Disbursement August, 2022.xlsx"
BAUCHI,8,2022,4311266500.11039,1452270330.9233,5892874826.037002,,0.0,,"Disbursement August, 2022.xlsx"
BAYELSA,8,2022,1754843272.26806,733590551.414,2514756472.766081,,0.0,,"Disbursement August, 2022.xlsx"
BENUE,8,2022,4691325201.38126,1503081327.5083,6125237908.390378,,-139538498.5199,,"Disbursement August, 2022.xlsx"
BORNO,8,2022,5093373290.66126,1681892147.5365,6928066636.917598,,0.0,,"Disbursement August, 2022.xlsx"
CROSS RIVER,8,2022,3283537340.08301,1119575931.9838,4413815065.988155,,-38551266.1799,,"Disbursement August, 2022.xlsx"
DELTA,8,2022,4207382169.93544,1710565917.9028,5981058820.387272,,0.0,,"Disbursement August, 2022.xlsx"
EBONYI,8,2022,2428949308.86583,884032562.9525,3330070542.6930046,,-55779808.3913,,"Disbursement August, 2022.xlsx"
EDO,8,2022,3219216832.54728,1320570939.159,4588076024.194489,,0.0,,"Disbursement August, 2022.xlsx"
EKITI,8,2022,2556174907.84651,995685795.7884,3628545950.870305,,0.0,,"Disbursement August, 2022.xlsx"
ENUGU,8,2022,3270772161.97136,1204285229.8168,4573180556.647301,,0.0,,"Disbursement August, 2022.xlsx"
GOMBE,8,2022,2241135369.77689,783994842.9776,3038380716.417797,,-53983557.43,,"Disbursement August, 2022.xlsx"
IMO,8,2022,4383562274.23301,1624508907.5369,6073824615.883406,,0.0,,"Disbursement August, 2022.xlsx"
JIGAWA,8,2022,4605344895.42631,1719726006.4935,6463231248.7825985,,0.0,,"Disbursement August, 2022.xlsx"
KADUNA,8,2022,5179146415.18495,1804550045.3371,7139070852.977598,,0.0,,"Disbursement August, 2022.xlsx"
KANO,8,2022,8245644975.4932,3319364497.8254,11299714377.543497,,-512664445.0399,,"Disbursement August, 2022.xlsx"
KATSINA,8,2022,6277549872.52427,2156701724.3657,8622578093.065697,,0.0,,"Disbursement August, 2022.xlsx"
KEBBI,8,2022,3961807796.34233,1310318150.8451,5331553064.132565,,0.0,,"Disbursement August, 2022.xlsx"
KOGI,8,2022,4094818554.05699,1296652811.2641,5265750644.861945,,-187142998.77,,"Disbursement August, 2022.xlsx"
KWARA,8,2022,2897513038.43786,1015564328.894,3956540062.908428,,0.0,,"Disbursement August, 2022.xlsx"
LAGOS,8,2022,4935902415.99631,8197522165.584,13281501654.0602,,0.0,,"Disbursement August, 2022.xlsx"
NASSARAWA,8,2022,2585081029.33087,804643410.768,3428038743.7389965,,-39238127.2398,,"Disbursement August, 2022.xlsx"
NIGER,8,2022,4784785579.55039,1579377086.5465,6435934449.790147,,0.0,,"Disbursement August, 2022.xlsx"
OGUN,8,2022,3413448732.40903,1387978202.8038,4788053446.785101,,-115776950.4,,"Disbursement August, 2022.xlsx"
ONDO,8,2022,3260059455.23175,1390731978.9674,4652515199.2077265,,-47177126.8199,,"Disbursement August, 2022.xlsx"
OSUN,8,2022,4415832956.90311,1671429539.3645,6137708839.874503,,-82028645.1002,,"Disbursement August, 2022.xlsx"
OYO,8,2022,5570228732.71349,2973054247.6107,8626701260.845995,,-83688581.4596,,"Disbursement August, 2022.xlsx"
PLATEAU,8,2022,3491787083.03243,1146486004.6616,4690649893.939517,,0.0,,"Disbursement August, 2022.xlsx"
RIVERS,8,2022,4328263663.26835,3359385171.0332,7752572789.250574,,0.0,,"Disbursement August, 2022.xlsx"
SOKOTO,8,2022,4359231419.96476,1484321789.813,5938341114.2069025,,-35989038.1698,,"Disbursement August, 2022.xlsx"
TARABA,8,2022,3267258533.33951,953379604.033,4318655893.372696,,0.0,,"Disbursement August, 2022.xlsx"
YOBE,8,2022,3284942121.28311,1036608653.3299,4420099038.251503,,0.0,,"Disbursement August, 2022.xlsx"
ZAMFARA,8,2022,2968164798.83951,1001167476.6982,4058377219.5028954,,0.0,,"Disbursement August, 2022.xlsx"
FCT-ABUJA,8,2022,1310947215.71165,1581134714.5837,2931410346.7666993,,0.0,,"Disbursement August, 2022.xlsx"
ABIA,12,2021,1827103489.2199001,1114482446.5639,3013072333.6512,15331363.9549,-990419.4899,,"Disbursement December, 2021.xlsx"
ADAMAWA,12,2021,2304628819.5699997,1347972191.1024,3742796654.2812,19338315.2204,-1223459.37,,"Disbursement December, 2021.xlsx"
AKWA IBOM,12,2021,3069630161.3399,1909403119.9026,5098992095.3019,25757499.5009,-1806059.0699,,"Disbursement December, 2021.xlsx"
ANAMBRA,12,2021,2317083278.0501,1523275574.0218,3931048534.2049,19442821.5257,-1223459.3701,,"Disbursement December, 2021.xlsx"
BAUCHI,12,2021,2630348042.48,1557983381.7346,4291505828.8852997,22071449.9237,-1165199.4,,"Disbursement December, 2021.xlsx"
BAYELSA,12,2021,1070647932.79,638740736.0945,1751392627.1584,8983888.0074,-466079.76,,"Disbursement December, 2021.xlsx"
BENUE,12,2021,2862225765.85,1576253144.941,4411138070.698199,24017153.4873,-140878477.83,,"Disbursement December, 2021.xlsx"
BORNO,12,2021,3107519441.06,1706953419.3036,4936167691.240001,26075431.3204,-1573019.19,,"Disbursement December, 2021.xlsx"
CROSS RIVER,12,2021,2003319909.5098999,1162748677.1201,3205935541.4956,16810009.3028,-39599945.6399,,"Disbursement December, 2021.xlsx"
DELTA,12,2021,2566967143.96,1684034583.2468,4351370663.6551,21539615.9973,-1456499.25,,"Disbursement December, 2021.xlsx"
EBONYI,12,2021,1481926960.3716,957335146.1809,2451263740.3023996,12434961.5216,-46782857.8116,,"Disbursement December, 2021.xlsx"
EDO,12,2021,1964077306.19,1275534112.6033,3316472979.7967,16480721.642,-1048679.46,,"Disbursement December, 2021.xlsx"
EKITI,12,2021,1559548607.1,1051741564.1831,2672221568.0552,13086290.6462,-932159.52,,"Disbursement December, 2021.xlsx"
ENUGU,12,2021,1995531743.0299,1264976025.6286,3338675311.7714,16744658.2073,-990419.4899,,"Disbursement December, 2021.xlsx"
GOMBE,12,2021,1367339744.0599,790315845.5641,2157270263.7854004,11473451.4985,-54624417.0999,,"Disbursement December, 2021.xlsx"
IMO,12,2021,2674456437.9899,1665995637.288,4444968334.516901,22441566.8157,-1573019.1899,,"Disbursement December, 2021.xlsx"
JIGAWA,12,2021,2809768296.6899,1802982366.9757,4722634420.1091,23576978.8853,-1573019.1899,,"Disbursement December, 2021.xlsx"
KADUNA,12,2021,3159850506.6998997,1962237261.0268,5246091486.4625,26514545.2611,-1339979.3099,,"Disbursement December, 2021.xlsx"
KANO,12,2021,5030752823.950299,3435443912.3339,8150526762.525999,42213428.5042,-515227883.7203,,"Disbursement December, 2021.xlsx"
KATSINA,12,2021,3829997755.4898005,2244790501.1861,6224734251.3113,32137801.6533,-1980838.9798,,"Disbursement December, 2021.xlsx"
KEBBI,12,2021,2417139692.3601,1348494135.9789,3860292508.6751995,20282402.4872,-1223459.3701,,"Disbursement December, 2021.xlsx"
KOGI,12,2021,2498290923.9501,1349215375.8108,3758241056.2317,20963348.6263,-188366458.1401,,"Disbursement December, 2021.xlsx"
KWARA,12,2021,1767802511.9799001,1046678080.063,2883672922.2092004,14833764.9573,-932159.5199,,"Disbursement December, 2021.xlsx"
LAGOS,12,2021,3011444840.5002,7969073654.5931,11098810096.5669,25269262.0601,-1165199.4002,,"Disbursement December, 2021.xlsx"
NASSARAWA,12,2021,1577184529.1799998,821984147.2565,2421736300.6489997,13234275.0065,-39995506.85,,"Disbursement December, 2021.xlsx"
NIGER,12,2021,2919246904.02,1631750964.2062,4665340898.6317,24495622.1822,-1456499.25,,"Disbursement December, 2021.xlsx"
OGUN,12,2021,2082580186.3899,1413214443.5819,3461463445.9395,17475088.2976,-116942149.7999,,"Disbursement December, 2021.xlsx"
ONDO,12,2021,1988995810.4402,1293725723.4062,3313394425.3844,16689814.701,-48225806.2802,,"Disbursement December, 2021.xlsx"
OSUN,12,2021,2694145113.4599004,1735470504.2826,4452709454.5505,22606775.985,-83776444.1999,,"Disbursement December, 2021.xlsx"
OYO,12,2021,3398453851.7498,2890291058.346,6337942270.6344,28516684.0263,-85611160.4698,,"Disbursement December, 2021.xlsx"
PLATEAU,12,2021,2130375219.9902,1207324428.1573,3421216108.8826,17876140.0497,-990419.4902,,"Disbursement December, 2021.xlsx"
RIVERS,12,2021,2640718186.5703,2912694698.3873,5656823868.4861,22158466.5895,-1339979.3103,,"Disbursement December, 2021.xlsx"
SOKOTO,12,2021,2659611933.5001,1560703467.7535,4288486816.2799,22317005.4526,-37329017.4801,,"Disbursement December, 2021.xlsx"
TARABA,12,2021,1993388042.06,996275517.1508,3067804326.8126,16726670.2498,-932159.52,,"Disbursement December, 2021.xlsx"
YOBE,12,2021,2004176980.9701,1138206887.95,3220894347.9066005,16817201.0546,-990419.4901,,"Disbursement December, 2021.xlsx"
ZAMFARA,12,2021,1810907877.8101,1030139972.7055,2912066587.196,15195465.3512,-815639.5801,,"Disbursement December, 2021.xlsx"
FCT-ABUJA,12,2021,799822382.2500999,2919027529.6766,3750227389.4961,6711370.2719,-349559.8201,,"Disbursement December, 2021.xlsx"
ABIA,12,2022,2546010398.47311,1234663836.7583,3927905179.6272106,,0.0,82257463.0928,"Disbursement December, 2022.xlsx"
ADAMAWA,12,2022,3211426705.64427,1550042027.9162,4947695482.75087,,-29166666.6901,84768032.9463,"Disbursement December, 2022.xlsx"
AKWA IBOM,12,2022,4277431659.64553,2109003750.2151,6613858836.931431,,0.0,118264553.9849,"Disbursement December, 2022.xlsx"
ANAMBRA,12,2022,3228781596.03553,1998070374.2377,5478428518.02413,,0.0,120245251.3985,"Disbursement December, 2022.xlsx"
BAUCHI,12,2022,3665306047.11767,1680148864.0493,5588330047.06007,,0.0,93788125.7074,"Disbursement December, 2022.xlsx"
BAYELSA,12,2022,1491913723.59466,773440330.4487,2342128311.7652597,,0.0,38701032.0649,"Disbursement December, 2022.xlsx"
BENUE,12,2022,3988420254.0435,1786822867.7129,5836975395.4762,,-139538498.52,99487390.3023,"Disbursement December, 2022.xlsx"
BORNO,12,2022,4330229161.66534,2164861188.441,6779208444.83594,,0.0,107985212.2822,"Disbursement December, 2022.xlsx"
CROSS RIVER,12,2022,2791562356.03534,1284688064.0974,4186244536.78419,,-38551266.18,77305483.4757,"Disbursement December, 2022.xlsx"
DELTA,12,2022,3576986787.89748,2055581103.3042,5857214147.10668,,0.0,133362542.2469,"Disbursement December, 2022.xlsx"
EBONYI,12,2022,2065017922.15835,1031582063.7208,3183305603.31135,,-52031315.108,54741941.662,"Disbursement December, 2022.xlsx"
EDO,12,2022,2736879040.76835,1420564369.3994,4330526383.37905,,0.0,103238576.9393,"Disbursement December, 2022.xlsx"
EKITI,12,2022,2173181209.50816,1129776016.2613,3458372700.62186,,0.0,67020921.996,"Disbursement December, 2022.xlsx"
ENUGU,12,2022,2780709794.60699,1341060817.6833,4321507506.69429,,0.0,86631002.5242,"Disbursement December, 2022.xlsx"
GOMBE,12,2022,1905344293.38631,913069134.452,2892624618.40371,,-53983557.43,50694511.8832,"Disbursement December, 2022.xlsx"
IMO,12,2022,3726769688.50204,1847935977.821,5785633015.86099,,0.0,115821217.6768,"Disbursement December, 2022.xlsx"
JIGAWA,12,2022,3915322445.00252,2002384943.3884,6183255973.45982,,0.0,106292111.0574,"Disbursement December, 2022.xlsx"
KADUNA,12,2022,4403150831.43194,2067506936.1558,6777756381.47684,,0.0,127999628.8613,"Disbursement December, 2022.xlsx"
KANO,12,2022,7010193498.89165,3789504607.9809,10787557249.71605,,-512664445.0402,215382653.9103,"Disbursement December, 2022.xlsx"
KATSINA,12,2022,5336979634.23505,2570826445.2834,8264062662.22295,,0.0,139173936.1635,"Disbursement December, 2022.xlsx"
KEBBI,12,2022,3368207015.98495,1478634803.9753,5015981017.1218,,0.0,83183485.5472,"Disbursement December, 2022.xlsx"
KOGI,12,2022,3481288667.18184,1493235713.961,4963421885.84379,,-187142998.77,87198979.3893,"Disbursement December, 2022.xlsx"
KWARA,12,2022,2463376379.33485,1144625514.2349,3743915072.7128496,,0.0,73048495.1572,"Disbursement December, 2022.xlsx"
LAGOS,12,2022,4196352272.09243,8575618391.5919,13295736332.080132,,0.0,353078253.5143,"Disbursement December, 2022.xlsx"
NASSARAWA,12,2022,2197756304.05903,927504766.6369,3231146491.00663,,-39238127.24,55729398.1189,"Disbursement December, 2022.xlsx"
NIGER,12,2022,4067877390.19155,1829615155.2278,6106600690.525299,,0.0,105297039.0267,"Disbursement December, 2022.xlsx"
OGUN,12,2022,2902009022.19932,1592749234.5553,4613670478.38472,,-115776950.4,116649411.3418,"Disbursement December, 2022.xlsx"
ONDO,12,2022,2771602181.1501,1429689063.6172,4312251315.323851,,-47177126.82,87406676.1641,"Disbursement December, 2022.xlsx"
OSUN,12,2022,3754205229.38816,1925747605.5375,5868769725.80266,,-82028645.1001,118142534.8971,"Disbursement December, 2022.xlsx"
OYO,12,2022,4735636977.51505,3325790318.8635,8334273880.965851,,-83688581.4599,163912244.7341,"Disbursement December, 2022.xlsx"
PLATEAU,12,2022,2968609876.09078,1349924646.7265,4473151050.69018,,0.0,78858424.7657,"Disbursement December, 2022.xlsx"
RIVERS,12,2022,3679756511.94194,4263391570.8777,8169710777.57634,,0.0,132656326.1606,"Disbursement December, 2022.xlsx"
SOKOTO,12,2022,3706084345.27874,1637611089.2272,5551651226.70914,,-35989038.1697,93199155.2698,"Disbursement December, 2022.xlsx"
TARABA,12,2022,2777722615.71864,1118819442.324,4072717244.27224,,0.0,63190798.4106,"Disbursement December, 2022.xlsx"
YOBE,12,2022,2792756657.76262,1160103781.8747,4131339478.83502,,0.0,64883138.902,"Disbursement December, 2022.xlsx"
ZAMFARA,12,2022,2523442330.86728,1148026479.7975,3839107254.6169796,,0.0,64996954.3608,"Disbursement December, 2022.xlsx"
FCT-ABUJA,12,2022,1114526962.57058,1841113970.1172,3076307841.36878,,0.0,75333315.6644,"Disbursement December, 2022.xlsx"
ABIA,2,2020,1975205390.9308,595267513.4623,2646920171.9065,3942692.3566,0.0,,"Disbursement February, 2020.xlsx"
ADAMAWA,2,2020,2491438112.4957,711916186.4704,3299781554.9642,4973140.5394,0.0,,"Disbursement February, 2020.xlsx"
AKWA IBOM,2,2020,3318449162.0837,1033344591.7326,4480229192.4833,6623930.9631,0.0,,"Disbursement February, 2020.xlsx"
ANAMBRA,2,2020,2504902108.1972,777455152.7094,3379305620.0250998,5000015.9182,0.0,,"Disbursement February, 2020.xlsx"
BAUCHI,2,2020,2843559581.6963,785240165.0207,3738855319.1899,5676007.508,0.0,,"Disbursement February, 2020.xlsx"
BAYELSA,2,2020,1157432833.5086,348706679.2116,1550936159.1155999,2310342.8163,0.0,,"Disbursement February, 2020.xlsx"
BENUE,2,2020,3094232919.0041,822144197.3491,3896596113.8376,6176374.6372,-139538498.52,,"Disbursement February, 2020.xlsx"
BORNO,2,2020,3359409682.3857,908151716.7842,4397582151.378901,6705691.9441,0.0,,"Disbursement February, 2020.xlsx"
CROSS RIVER,2,2020,2165705614.5828,613313315.7781,2824287948.0909,4322948.3945,-38551266.1,,"Disbursement February, 2020.xlsx"
DELTA,2,2020,2775041135.3303,921940035.9359,3804384843.3194,5539238.3615,0.0,,"Disbursement February, 2020.xlsx"
EBONYI,2,2020,1602049439.6491,484079195.1771,2101351353.8957,3197838.6196,-46782124.9064,,"Disbursement February, 2020.xlsx"
EDO,2,2020,2123282072.5681,648324662.1354,2853785080.9948997,4238267.0871,0.0,,"Disbursement February, 2020.xlsx"
EKITI,2,2020,1685962965.0622,532969707.8047,2284185259.9656,3365337.7653,0.0,,"Disbursement February, 2020.xlsx"
ENUGU,2,2020,2157286152.5683,668986456.5523,2909767030.7047997,4306142.3707,0.0,,"Disbursement February, 2020.xlsx"
GOMBE,2,2020,1478173978.4457,444791972.5018,1926192829.4943998,2950571.76,-53983557.43,,"Disbursement February, 2020.xlsx"
IMO,2,2020,2891243328.7386,891056077.4709,3894200504.3078,5771188.6702,0.0,,"Disbursement February, 2020.xlsx"
JIGAWA,2,2020,3037523336.6048,938141799.3398,4093227775.3363004,6063177.0739,0.0,,"Disbursement February, 2020.xlsx"
KADUNA,2,2020,3415982615.2085,1022429634.2491,4570622569.4628,6818616.7417,0.0,,"Disbursement February, 2020.xlsx"
KANO,2,2020,5438537092.6923,1749133390.1131,7398160643.439699,10855822.2476,0.0,,"Disbursement February, 2020.xlsx"
KATSINA,2,2020,4140450860.3532,1182957470.1183,5483658072.605,8264722.2589,0.0,,"Disbursement February, 2020.xlsx"
KEBBI,2,2020,2613068925.3008,712321615.8508,3426525329.5118003,5215926.8734,0.0,,"Disbursement February, 2020.xlsx"
KOGI,2,2020,2700798137.7164,707646001.4643,3145886161.1283007,5391042.4825,-367088189.79,,"Disbursement February, 2020.xlsx"
KWARA,2,2020,1911097577.3195,543944377.4395,2529008028.5745997,3814727.2408,0.0,,"Disbursement February, 2020.xlsx"
LAGOS,2,2020,3255547438.0824,5484374525.0407,8865922887.9184,6498373.3133,0.0,,"Disbursement February, 2020.xlsx"
NASSARAWA,2,2020,1705028424.9947,430065432.3772,2161846216.3529,3403394.1837,-39238127.24,,"Disbursement February, 2020.xlsx"
NIGER,2,2020,3155876093.6598,854448998.3675,4132468391.7068,6299420.106,0.0,,"Disbursement February, 2020.xlsx"
OGUN,2,2020,2251390594.718,781614882.7377,3004365115.4227,4493983.5271,-115776950.4,,"Disbursement February, 2020.xlsx"
ONDO,2,2020,2150220428.4024,658757522.4675,2845021777.7068996,4292038.5328,-47177126.82,,"Disbursement February, 2020.xlsx"
OSUN,2,2020,2912527934.7618,914708654.6311,3857932829.8209996,5813674.7093,-82028645.4,,"Disbursement February, 2020.xlsx"
OYO,2,2020,3673926741.653,1365741453.3352,5098173261.7204,7333497.0376,-83688581.46,,"Disbursement February, 2020.xlsx"
PLATEAU,2,2020,2303059812.4579,629114765.001,3021310942.9235,4597120.0571,0.0,,"Disbursement February, 2020.xlsx"
RIVERS,2,2020,2854770312.0374,1014960348.989,3980220127.458299,5698385.1608,0.0,,"Disbursement February, 2020.xlsx"
SOKOTO,2,2020,2875195553.9646,786819935.6232,3737306445.229,5739155.8299,-35989038.17,,"Disbursement February, 2020.xlsx"
TARABA,2,2020,2154968686.8395,557877807.4288,2796251221.9259996,4301516.4953,0.0,,"Disbursement February, 2020.xlsx"
YOBE,2,2020,2166632158.7994,563861304.3476,2814349607.4328,4324797.8623,0.0,,"Disbursement February, 2020.xlsx"
ZAMFARA,2,2020,1957696990.7981,549150292.4235,2582616915.2135,3907743.9731,0.0,,"Disbursement February, 2020.xlsx"
FCT-ABUJA,2,2020,864654624.3986,1463088735.4131,2361208478.7756,1725930.4752,0.0,,"Disbursement February, 2020.xlsx"
ABIA,2,2022,967277821.3378999,1080162814.1215,2502823686.7963,19235123.9929,0.0,,"Disbursement February, 2022.xlsx"
ADAMAWA,2,2022,1220082144.6311,1327625739.8418,3148627691.5157,24262348.2271,0.0,,"Disbursement February, 2022.xlsx"
AKWA IBOM,2,2022,1625077721.2638,1903988088.04,4294133337.0017,32316022.116,0.0,,"Disbursement February, 2022.xlsx"
ANAMBRA,2,2022,1226675597.8934999,1471246089.9062,3302088929.1889997,24393464.5291,0.0,,"Disbursement February, 2022.xlsx"
BAUCHI,2,2022,1392519547.414,1725709445.0927,3804078368.6470003,27691409.4029,0.0,,"Disbursement February, 2022.xlsx"
BAYELSA,2,2022,566806426.6541,829874283.8941,1663526527.1204998,11271417.2249,0.0,,"Disbursement February, 2022.xlsx"
BENUE,2,2022,1515276786.0745,1518092374.9068,3607205197.92605,30132539.1949,-139538498.5203,,"Disbursement February, 2022.xlsx"
BORNO,2,2022,1645136497.4401,1695013703.1698,4150419501.6979,32714907.5639,0.0,,"Disbursement February, 2022.xlsx"
CROSS RIVER,2,2022,1060567684.8353,1126652821.4981,2647972064.85955,21090270.5209,-38551266.1798,,"Disbursement February, 2022.xlsx"
DELTA,2,2022,1358965379.414,1650915143.9564,3649665482.2379503,27024156.8643,0.0,,"Disbursement February, 2022.xlsx"
EBONYI,2,2022,784539622.4489,904476325.5526,2036578196.6528997,15601222.9187,-38842388.6214,,"Disbursement February, 2022.xlsx"
EDO,2,2022,1039792452.3040999,1233997698.5176,2763312239.7622995,20677137.7424,0.0,,"Disbursement February, 2022.xlsx"
EKITI,2,2022,825632914.5263,1016385346.156,2248662332.8609,16418397.2103,0.0,,"Disbursement February, 2022.xlsx"
ENUGU,2,2022,1056444590.1371999,1180935883.0372,2757704848.0948,21008279.3532,0.0,,"Disbursement February, 2022.xlsx"
GOMBE,2,2022,723876571.011,822928812.0543,1849348450.7392,14394887.6857,-53983557.4302,,"Disbursement February, 2022.xlsx"
IMO,2,2022,1415870754.9205,1616569622.3299,3699015719.36125,28155767.5861,0.0,,"Disbursement February, 2022.xlsx"
JIGAWA,2,2022,1487505536.7838001,1743723477.2287,3963861274.9407005,29580284.8046,0.0,,"Disbursement February, 2022.xlsx"
KADUNA,2,2022,1672840828.0675,1896817897.663,4393573076.119801,33265831.221,0.0,,"Disbursement February, 2022.xlsx"
KANO,2,2022,2663305970.3255,3372713912.7637,6835097698.0497,52962054.3761,-512664445.04,,"Disbursement February, 2022.xlsx"
KATSINA,2,2022,2027620168.4888,2270914211.8511,5297186090.608999,40320913.4865,0.0,,"Disbursement February, 2022.xlsx"
KEBBI,2,2022,1279645969.3134,1294330667.0862,3176418947.47325,25446824.4218,0.0,,"Disbursement February, 2022.xlsx"
KOGI,2,2022,1322607841.4521,1334945258.2317,3093078357.4127,26301156.9821,-187142998.77,,"Disbursement February, 2022.xlsx"
KWARA,2,2022,935883584.2802999,1007819369.2825,2384305966.3728,18610823.4777,0.0,,"Disbursement February, 2022.xlsx"
LAGOS,2,2022,1594274118.3421,7436152987.4043,9815645461.5623,31703466.8519,0.0,,"Disbursement February, 2022.xlsx"
NASSARAWA,2,2022,834969460.8068,816871237.5616,2023845116.9543998,16604062.1987,-39238127.2401,,"Disbursement February, 2022.xlsx"
NIGER,2,2022,1545464064.8028,1578268961.9067,3851319378.8785,30732838.3396,0.0,,"Disbursement February, 2022.xlsx"
OGUN,2,2022,1102528475.9949,1381041276.3373,2910814599.2509003,21924695.7531,-115776950.4001,,"Disbursement February, 2022.xlsx"
ONDO,2,2022,1052984434.3942,1220701438.4313,2722241465.36165,20939471.2785,-47177126.8199,,"Disbursement February, 2022.xlsx"
OSUN,2,2022,1426294039.2213,1682006096.35,3728755616.3202,28363043.264,-82028645.1002,,"Disbursement February, 2022.xlsx"
OYO,2,2022,1799158644.837,2876560197.5994,5478159174.8799,35777766.07,-83688581.4599,,"Disbursement February, 2022.xlsx"
PLATEAU,2,2022,1127831408.336,1153910216.9021,2812711421.9105,22427865.608,0.0,,"Disbursement February, 2022.xlsx"
RIVERS,2,2022,1398009554.1084,2641013478.6868,4697189531.090301,27800582.7527,0.0,,"Disbursement February, 2022.xlsx"
SOKOTO,2,2022,1408011999.2225,1488002098.1308,3553504840.5322,27999489.6928,-35989038.1701,,"Disbursement February, 2022.xlsx"
TARABA,2,2022,1055309704.008,965985461.553,2541060581.7616,20985711.1989,0.0,,"Disbursement February, 2022.xlsx"
YOBE,2,2022,1061021422.7983,1073640163.2921,2657240161.1984,21099293.4776,0.0,,"Disbursement February, 2022.xlsx"
ZAMFARA,2,2022,958703782.8032,1033642699.2189,2464531158.0367,19064622.1053,0.0,,"Disbursement February, 2022.xlsx"
FCT-ABUJA,2,2022,423430011.45019996,2949362463.3404,3581341941.6411004,8420257.9578,0.0,,"Disbursement February, 2022.xlsx"
ABIA,2,2023,1479446542.7858253,1397532251.6996,3483395522.6386747,,0.0,99672261.8775,"Disbursement February, 2023.xlsx"
ADAMAWA,2,2023,1866109478.5491264,1725887998.4317,4342421578.711527,,-29166666.69,103381291.4341,"Disbursement February, 2023.xlsx"
AKWA IBOM,2,2023,2485548167.6979613,2430152172.1537,5910254673.306461,,0.0,143196921.5931,"Disbursement February, 2023.xlsx"
ANAMBRA,2,2023,1876194132.0152426,1917251805.0178,4616514722.487943,,0.0,143205000.7568,"Disbursement February, 2023.xlsx"
BAUCHI,2,2023,2129851615.2613595,1881363422.1791,4896979196.099859,,0.0001,113984226.4686,"Disbursement February, 2023.xlsx"
BAYELSA,2,2023,866927567.0793203,1124358675.1842,2335073785.6203704,,0.0,46844913.4065,"Disbursement February, 2023.xlsx"
BENUE,2,2023,2317608191.8439803,1991668863.2709,5084756395.8451805,,-139538498.52,121183731.5217,"Disbursement February, 2023.xlsx"
BORNO,2,2023,2516227964.559029,2174555861.179,5734258072.740329,,0.0001,131685728.9809,"Disbursement February, 2023.xlsx"
CROSS RIVER,2,2023,1622132917.8721359,1465397020.7354,3697187267.426586,,-38551266.1801,92590763.6462,"Disbursement February, 2023.xlsx"
DELTA,2,2023,2078530684.7603884,2112737694.5819,5063906313.718038,,0.0001,160693371.3001,"Disbursement February, 2023.xlsx"
EBONYI,2,2023,1199949390.450097,1129511602.5399,2787754747.135597,,-43121109.2316,66597314.3208,"Disbursement February, 2023.xlsx"
EDO,2,2023,1590357304.6348543,1637911162.1853,3897343950.7300043,,0.0,124341530.8929,"Disbursement February, 2023.xlsx"
EKITI,2,2023,1262801373.1530097,1275313012.7052,3076603694.9303093,,0.0,80896511.9113,"Disbursement February, 2023.xlsx"
ENUGU,2,2023,1615826665.3540776,1527572614.1096,3834320106.8379774,,0.0,105404641.5014,"Disbursement February, 2023.xlsx"
GOMBE,2,2023,1107165559.6370873,1037083266.1933,2553083799.7529874,,-53983557.4301,61622431.8662,"Disbursement February, 2023.xlsx"
IMO,2,2023,2165567169.21466,2123282017.9495,5171670133.090561,,0.0,141064385.1961,"Disbursement February, 2023.xlsx"
JIGAWA,2,2023,2275132206.3038836,2318574173.8852,5546978709.593784,,0.0,128848051.5194,"Disbursement February, 2023.xlsx"
KADUNA,2,2023,2558601598.341068,2364579645.8708,6005857262.756667,,0.0,155532853.2948,"Disbursement February, 2023.xlsx"
KANO,2,2023,4073513031.374466,4206397806.6949,9508450687.402365,,-512664445.0402,265112913.8185,"Disbursement February, 2023.xlsx"
KATSINA,2,2023,3101234807.8082523,2838875890.1728,7233903595.817952,,0.0,170019404.6297,"Disbursement February, 2023.xlsx"
KEBBI,2,2023,1957212047.5918446,1724729375.893,4453644961.131794,,0.0,101313397.9774,"Disbursement February, 2023.xlsx"
KOGI,2,2023,2022922014.0618446,1722951039.7629,4358256077.413895,,-187142998.7699,106628707.928,"Disbursement February, 2023.xlsx"
KWARA,2,2023,1431429215.7535923,1384310980.9216,3393779601.061942,,0.0,87741976.9545,"Disbursement February, 2023.xlsx"
LAGOS,2,2023,2438434212.5945635,11834819263.6365,15571138374.487164,,0.0,414285976.2598,"Disbursement February, 2023.xlsx"
NASSARAWA,2,2023,1277081573.5379612,1065644947.033,2833888428.4496613,,-39238127.24,67632618.2855,"Disbursement February, 2023.xlsx"
NIGER,2,2023,2363779482.206505,2029953177.3579,5331814003.055905,,0.0,128432506.9362,"Disbursement February, 2023.xlsx"
OGUN,2,2023,1686311736.0403883,1794884538.4034,4113519196.7984886,,-115776950.3999,137042488.3003,"Disbursement February, 2023.xlsx"
ONDO,2,2023,1610534374.6197088,1611924436.8629,3832940761.304759,,-47177126.8199,106014013.1053,"Disbursement February, 2023.xlsx"
OSUN,2,2023,2181509529.9129124,2187110287.6013,5219124998.289912,,-82028645.1002,142034964.348,"Disbursement February, 2023.xlsx"
OYO,2,2023,2751804061.1596117,3471159261.2154,7333644073.418112,,-83688581.4601,197216696.8321,"Disbursement February, 2023.xlsx"
PLATEAU,2,2023,1725012443.2704854,1493160702.2441,3905663677.0439854,,0.0,96634096.635,"Disbursement February, 2023.xlsx"
RIVERS,2,2023,2138248552.7754366,4666752841.6362,7696021624.421436,,0.0,158620923.7037,"Disbursement February, 2023.xlsx"
SOKOTO,2,2023,2153547242.062815,1872204213.7628,4884052731.521515,,-35989038.17,113923957.5652,"Disbursement February, 2023.xlsx"
TARABA,2,2023,1614090862.7503884,1271144040.5139,3547526106.6973877,,0.0,77404008.6251,"Disbursement February, 2023.xlsx"
YOBE,2,2023,1622826907.7952425,1318852626.4915,3609256618.755842,,0.0001,79524268.0528,"Disbursement February, 2023.xlsx"
ZAMFARA,2,2023,1466332594.1480584,1307923940.7998,3384986728.844858,,0.0002,79385164.0505,"Disbursement February, 2023.xlsx"
FCT-ABUJA,2,2023,647634064.1048543,2045596179.1503,3014629166.3662543,,0.0,86720145.2675,"Disbursement February, 2023.xlsx"
ABIA,2,2024,1708071602.3388,2350552623.779,5239956168.45245,1019319608.5874,0.0,121101465.5833,"Disbursement February, 2024.xlsx"
ADAMAWA,2,2024,2154487178.1326,3078617304.4252,6746395270.6016,1285725390.0332,0.0,124359020.9657,"Disbursement February, 2024.xlsx"
AKWA IBOM,2,2024,2869650317.6763,4037468676.9873,8860311254.13935,1712510666.7614,0.0,171949177.9479,"Disbursement February, 2024.xlsx"
ANAMBRA,2,2024,2166130255.261,3282431467.6581,7019114542.491,1292673586.353,0.0,174115117.9702,"Disbursement February, 2024.xlsx"
BAUCHI,2,2024,2458986489.8886,3495506195.4809,7676108198.8829,1467440324.4947,0.0,136382384.5872,"Disbursement February, 2024.xlsx"
BAYELSA,2,2024,1000897508.4861,1416149791.0274,3094664962.91865,597301925.276,0.0,56342746.6227,"Disbursement February, 2024.xlsx"
BENUE,2,2024,2675757875.227,3409345848.2718,7890033665.43385,1596802186.9321,0.0,144039354.0706,"Disbursement February, 2024.xlsx"
BORNO,2,2024,2905071191.8122,3874046537.0277,8811633268.5325,1733648651.5568,0.0,159705292.8344,"Disbursement February, 2024.xlsx"
CROSS RIVER,2,2024,1872807899.5124,2496837957.7775,5643927804.0259,1117628682.8238,0.0,111796715.1771,"Disbursement February, 2024.xlsx"
DELTA,2,2024,2399734721.4345,3778368239.0378,7857461562.51315,1432080864.5361,0.0,189800503.7152,"Disbursement February, 2024.xlsx"
EBONYI,2,2024,1385382586.5259,1891423821.2497,4237473736.9364,826749671.3303,-14269440.6412,81823130.7362,"Disbursement February, 2024.xlsx"
EDO,2,2024,1836121867.9137,3028775858.9548,6154311920.45735,1095735694.6622,0.0,149700635.4881,"Disbursement February, 2024.xlsx"
EKITI,2,2024,1457947348.8886,2238554674.8489,4732813437.7746,870053877.7034,0.0,96417499.5358,"Disbursement February, 2024.xlsx"
ENUGU,2,2024,1865527115.4282,2596712852.0891,5791817160.3686,1113283756.0814,0.0,126929110.6249,"Disbursement February, 2024.xlsx"
GOMBE,2,2024,1278260482.4249,1746063696.4914,3927302952.3551,762822807.2141,0.0,78923467.5355,"Disbursement February, 2024.xlsx"
IMO,2,2024,2500221317.7151,3562391355.5405,7785404969.56135,1492047881.0525,0.0,170860377.2718,"Disbursement February, 2024.xlsx"
JIGAWA,2,2024,2626717898.0567,3799870230.8568,8275850589.5882,1567536780.1043,0.0,155898040.2254,"Disbursement February, 2024.xlsx"
KADUNA,2,2024,2953993000.3797,3918493316.541,8963649242.3557,1762843539.3425,0.0,186814289.9009,"Disbursement February, 2024.xlsx"
KANO,2,2024,4703010030.7274,7098364878.6622,14635974849.2672,2806598000.4236,-512664445.0401,315378143.5592,"Disbursement February, 2024.xlsx"
KATSINA,2,2024,3580481588.356,4815344511.8254,10909435171.9616,2136710830.0384,0.0,205382469.1898,"Disbursement February, 2024.xlsx"
KEBBI,2,2024,2259668208.0527,2878927121.0532,6663186322.65,1348493886.4486,0.0,121974675.678,"Disbursement February, 2024.xlsx"
KOGI,2,2024,2335532610.3628,2934384767.6125,6846029015.79715,1393767206.8193,0.0,126404933.7448,"Disbursement February, 2024.xlsx"
KWARA,2,2024,1652633957.0087,2254269655.0132,5036207123.4206,986236288.8594,0.0,103484168.8512,"Disbursement February, 2024.xlsx"
LAGOS,2,2024,2815255646.1157,18866812346.2945,23987448006.0986,1680049758.6538,0.0,490471092.8913,"Disbursement February, 2024.xlsx"
NASSARAWA,2,2024,1474434328.3418,1748093167.6221,4254133853.7019,879892751.8002,0.0,81083793.5336,"Disbursement February, 2024.xlsx"
NIGER,2,2024,2729064208.123,3443273162.498,8019050604.70345,1628613611.1776,0.0,152734455.6154,"Disbursement February, 2024.xlsx"
OGUN,2,2024,1946904538.7724,3022588251.9824,6384230665.03,1161847061.7399,0.0,159628264.52,"Disbursement February, 2024.xlsx"
ONDO,2,2024,1859416984.88,2761096675.794,5901182123.93745,1109637435.9449,0.0,126495211.0063,"Disbursement February, 2024.xlsx"
OSUN,2,2024,2518627318.0639,3724154004.729,8036503000.5475,1503031962.192,0.0,170039937.155,"Disbursement February, 2024.xlsx"
OYO,2,2024,3177051847.5214,6239168084.6975,11709510391.1513,1895957547.2388,0.0,245142629.8505,"Disbursement February, 2024.xlsx"
PLATEAU,2,2024,1991585828.0918,2664923241.6692,6007813132.0445,1188511350.4489,0.0,115091254.1566,"Disbursement February, 2024.xlsx"
RIVERS,2,2024,2468681041.2633,7685620138.1496,11881830051.6349,1473225706.2658,0.0,195174564.7434,"Disbursement February, 2024.xlsx"
SOKOTO,2,2024,2486343900.9673,3163545839.6245,7391667980.4591,1483766306.0951,0.0,138908627.5607,"Disbursement February, 2024.xlsx"
TARABA,2,2024,1863523071.9907,2217553367.1741,5374701012.0976,1112087810.4494,0.0,92268436.0101,"Disbursement February, 2024.xlsx"
YOBE,2,2024,1873609134.6003,2268430965.3486,5445379380.3883,1118106832.9411,0.0,95480968.4724,"Disbursement February, 2024.xlsx"
ZAMFARA,2,2024,1692931100.3909,2232796762.9189,5112593424.8808,1010284266.9203,0.0,95484833.6311,"Disbursement February, 2024.xlsx"
FCT-ABUJA,2,2024,747715663.671,3104502005.2545,4439259692.7805,446211526.8378,0.0,105012681.3019,"Disbursement February, 2024.xlsx"
ABIA,1,2020,2202498169.3499,649652432.9043,2856640370.3810997,4489768.1269,0.0,,"Disbursement January, 2020.xlsx"
ADAMAWA,1,2020,2778135330.643,774771901.3415,3558570430.0896997,5663198.1052,0.0,,"Disbursement January, 2020.xlsx"
AKWA IBOM,1,2020,3700313009.5373,1079843051.0109,4787699107.6395,7543047.0913,0.0,,"Disbursement January, 2020.xlsx"
ANAMBRA,1,2020,2793148668.5065,865974138.846,3664816609.9807997,5693802.6283,0.0,,"Disbursement January, 2020.xlsx"
BAUCHI,1,2020,3170776468.0478,862679435.3469,4039919496.1105,6463592.7158,0.0,,"Disbursement January, 2020.xlsx"
BAYELSA,1,2020,1290622083.4823,340686424.1801,1633939426.4867,2630918.8243,0.0,,"Disbursement January, 2020.xlsx"
BENUE,1,2020,3450295534.2977,906061573.1574,4223851998.172,7033389.2369,-139538498.52,,"Disbursement January, 2020.xlsx"
BORNO,1,2020,3745986979.139,1004536005.0382,4758159137.1497,7636152.9725,0.0,,"Disbursement January, 2020.xlsx"
CROSS RIVER,1,2020,2414919822.1972,672909028.9312,3054200372.3421,4922787.3137,-38551266.1,,"Disbursement January, 2020.xlsx"
DELTA,1,2020,3094373399.5968,1010617090.9384,4111298336.4419003,6307845.9067,0.0,,"Disbursement January, 2020.xlsx"
EBONYI,1,2020,1786402049.2436,527289846.994,2268707806.0291,3641560.794,-48625651.0025,,"Disbursement January, 2020.xlsx"
EDO,1,2020,2367614476.6096,714777585.5442,3087218418.0443,4826355.8905,0.0,,"Disbursement January, 2020.xlsx"
EKITI,1,2020,1879971754.4265,585427095.4406,2469231151.4688,3832301.6017,0.0,,"Disbursement January, 2020.xlsx"
ENUGU,1,2020,2405531507.5649,722491906.3715,3132927063.2747,4903649.3383,0.0,,"Disbursement January, 2020.xlsx"
GOMBE,1,2020,1648271869.0705,499224331.3178,2096872626.9097,3359983.9514,-53983557.43,,"Disbursement January, 2020.xlsx"
IMO,1,2020,3223947326.1525,973466232.4675,4203985539.5416,6571980.9216,0.0,,"Disbursement January, 2020.xlsx"
JIGAWA,1,2020,3387060211.0277,1035392784.9826,4429357480.741,6904484.7307,0.0,,"Disbursement January, 2020.xlsx"
KADUNA,1,2020,3809069928.1575,1250418919.5287,5067253594.5517,7764746.8655,0.0,,"Disbursement January, 2020.xlsx"
KANO,1,2020,6064365784.7411,1947181813.943,8023909741.1771,12362142.493,0.0,,"Disbursement January, 2020.xlsx"
KATSINA,1,2020,4616904896.1107,1313498283.309,5939814688.920799,9411509.5011,0.0,,"Disbursement January, 2020.xlsx"
KEBBI,1,2020,2913762564.0281,771426808.0888,3691129044.8355,5939672.7186,0.0,,"Disbursement January, 2020.xlsx"
KOGI,1,2020,3011587038.7036,777143688.3473,3427781624.0877,6139086.8268,-367088189.79,,"Disbursement January, 2020.xlsx"
KWARA,1,2020,2131013278.3267,586492973.6231,2721850298.9179,4344046.9681,0.0,,"Disbursement January, 2020.xlsx"
LAGOS,1,2020,3630172996.4547,4930518474.3329,8568091538.2388,7400067.4512,0.0,,"Disbursement January, 2020.xlsx"
NASSARAWA,1,2020,1901231133.7257,465669737.4867,2331538382.5835,3875638.6111,-39238127.24,,"Disbursement January, 2020.xlsx"
NIGER,1,2020,3519032173.0066,948368868.2648,4474574549.3847,7173508.1133,0.0,,"Disbursement January, 2020.xlsx"
OGUN,1,2020,2510464828.6838,858012684.6186,3257818117.6537,5117554.7513,-115776950.4,,"Disbursement January, 2020.xlsx"
ONDO,1,2020,2397652709.4348,721832204.1961,3077195375.3065004,4887588.4956,-47177126.82,,"Disbursement January, 2020.xlsx"
OSUN,1,2020,3247681215.3042,1002743928.9461,4175016861.0415,6620362.1912,-82028645.4,,"Disbursement January, 2020.xlsx"
OYO,1,2020,4096696454.9469,1464555184.6017,5485914128.4436,8351070.355,-83688581.46,,"Disbursement January, 2020.xlsx"
PLATEAU,1,2020,2568079777.492,713280644.9719,3286595424.6503,5235002.1864,0.0,,"Disbursement January, 2020.xlsx"
RIVERS,1,2020,3183277250.5821,1207921645.0358,4397687971.0406,6489075.4227,0.0,,"Disbursement January, 2020.xlsx"
SOKOTO,1,2020,3206052886.0475,857062572.9522,4033661924.1328,6535503.3031,-35989038.17,,"Disbursement January, 2020.xlsx"
TARABA,1,2020,2402947364.1393,583565687.2279,2991411432.9577,4898381.5905,0.0,,"Disbursement January, 2020.xlsx"
YOBE,1,2020,2415952986.6218,613122746.2885,3034000626.3183,4924893.408,0.0,,"Disbursement January, 2020.xlsx"
ZAMFARA,1,2020,2182975025.3685,600945914.9839,2788370910.7665005,4449970.4141,0.0,,"Disbursement January, 2020.xlsx"
FCT-ABUJA,1,2020,964153012.1891,2529637428.5229,3495755855.9499,1965415.2379,0.0,,"Disbursement January, 2020.xlsx"
ABIA,1,2021,1537682239.9639,964789118.1682,2428926051.3524,25657206.5612,-113650837.46,,"Disbursement January, 2021.xlsx"
ADAMAWA,1,2021,1939565452.3548,1177704328.3222,3027464940.5689,32362883.6679,-140392210.98,,"Disbursement January, 2021.xlsx"
AKWA IBOM,1,2021,2583387208.3322,1606070968.3512,4049591937.2518,43105459.3135,-207245644.78,,"Disbursement January, 2021.xlsx"
ANAMBRA,1,2021,1950047069.6914,1364528138.3083,3225043747.407,32537776.1222,-140392210.98,,"Disbursement January, 2021.xlsx"
BAUCHI,1,2021,2213689314.099,1309381760.5187,3447101223.4155,36936814.719,-133706867.6,,"Disbursement January, 2021.xlsx"
BAYELSA,1,2021,901052579.2454,506582423.518,1377653334.7647,15034635.6013,-53482747.04,,"Disbursement January, 2021.xlsx"
BENUE,1,2021,2408836583.6341,1346076773.4376,3663977269.0577,40192971.0785,-153762897.74,,"Disbursement January, 2021.xlsx"
BORNO,1,2021,2615274659.0742,1547786515.4052,4050767990.8882003,43637521.7181,-180504271.26,,"Disbursement January, 2021.xlsx"
CROSS RIVER,1,2021,1685985202.2604,1045140847.4253,2654763408.696,28131735.8486,-120336180.84,,"Disbursement January, 2021.xlsx"
DELTA,1,2021,2160348229.3844,1531167425.5541,3580727854.9852,36046784.7812,-167133584.5,,"Disbursement January, 2021.xlsx"
EBONYI,1,2021,1247183195.3294,837560878.2577,2017891568.4965,20810045.1646,-99381295.8932,,"Disbursement January, 2021.xlsx"
EDO,1,2021,1652958800.3424,1083181882.9759,2658916654.1036,27580669.3188,-120336180.84,,"Disbursement January, 2021.xlsx"
EKITI,1,2021,1312509230.9472,904524032.4633,2144300381.1550002,21900051.6342,-106965494.08,,"Disbursement January, 2021.xlsx"
ENUGU,1,2021,1679430715.6896,1087092445.9673,2696674911.1963997,28022370.0695,-113650837.46,,"Disbursement January, 2021.xlsx"
GOMBE,1,2021,1150747099.3494,690750073.5491,1797971958.9234,19200947.5431,-73538777.18,,"Disbursement January, 2021.xlsx"
IMO,1,2021,2250810745.2667,1524702355.7503,3653714040.141,37556209.4177,-180504271.26,,"Disbursement January, 2021.xlsx"
JIGAWA,1,2021,2364688608.9006,1554570847.3392,3800430535.7701,39456334.0297,-180504271.26,,"Disbursement January, 2021.xlsx"
KADUNA,1,2021,2659316253.1607,1608874927.1475,4183788054.5731,44372383.7381,-153762897.74,,"Disbursement January, 2021.xlsx"
KANO,1,2021,4233859393.6698,2984170736.4696,7034301722.981299,70644637.8787,-294155108.72,,"Disbursement January, 2021.xlsx"
KATSINA,1,2021,3223309222.7488,1966978586.2058,5047055861.5541,53782965.2896,-227301674.92,,"Disbursement January, 2021.xlsx"
KEBBI,1,2021,2034254106.7812,1162795403.5483,3109714321.3864,33942824.1149,-140392210.98,,"Disbursement January, 2021.xlsx"
KOGI,1,2021,2102550625.4504,1161286246.3155,3178282979.409,35082394.9843,-140392210.98,,"Disbursement January, 2021.xlsx"
KWARA,1,2021,1487774799.0037,890683767.7867,2310296927.1719003,24824469.1542,-106965494.08,,"Disbursement January, 2021.xlsx"
LAGOS,1,2021,2534418698.8783,7179683209.5489,9646497258.986,42288388.5759,-133706867.6,,"Disbursement January, 2021.xlsx"
NASSARAWA,1,2021,1327351545.2045,706311095.307,1981372902.7649999,22147705.0913,-86909463.94,,"Disbursement January, 2021.xlsx"
NIGER,1,2021,2456825322.0802,1408232210.8354,3762002391.1327004,40993693.7132,-167133584.5,,"Disbursement January, 2021.xlsx"
OGUN,1,2021,1752690301.7862,1271320021.2499,2936016784.7865,29244752.8769,-133706867.6,,"Disbursement January, 2021.xlsx"
ONDO,1,2021,1673930103.6459,1087997948.4085,2685250992.3148003,27930588.8578,-120336180.84,,"Disbursement January, 2021.xlsx"
OSUN,1,2021,2267380647.7268,1518890057.564,3644847787.2642994,37832688.7831,-200560301.4,,"Disbursement January, 2021.xlsx"
OYO,1,2021,2860123776.2453,2604945720.7134,5319050360.3901,47722985.0295,-220616331.54,,"Disbursement January, 2021.xlsx"
PLATEAU,1,2021,1792914391.3094,1004885774.9688,2730911775.089,29915917.404,-113650837.46,,"Disbursement January, 2021.xlsx"
RIVERS,1,2021,2222416781.6431,2098856726.2324,4225475254.6534996,37082438.0681,-153762897.74,,"Disbursement January, 2021.xlsx"
SOKOTO,1,2021,2238317675.749,1316306894.3999,3459241040.9702,37347754.6034,-153762897.74,,"Disbursement January, 2021.xlsx"
TARABA,1,2021,1677626586.403,882554372.1336,2496970996.5052004,27992267.0245,-106965494.08,,"Disbursement January, 2021.xlsx"
YOBE,1,2021,1686706509.8233,936314505.274,2553362530.492,28143771.3243,-113650837.46,,"Disbursement January, 2021.xlsx"
ZAMFARA,1,2021,1524052084.8128,908800931.0437,2379008240.1474,25429778.7501,-93594807.32,,"Disbursement January, 2021.xlsx"
FCT-ABUJA,1,2021,673126990.1071,2995493037.843,3646064335.5931,11231552.1232,-40112060.28,,"Disbursement January, 2021.xlsx"
ABIA,1,2022,1961234185.0985436,1171182749.7649,3181519114.1217437,19392774.859,0.0,,"Disbursement January, 2022.xlsx"
ADAMAWA,1,2022,2473815441.533495,1421039268.5512,3994264211.563695,24461202.1678,0.0,,"Disbursement January, 2022.xlsx"
AKWA IBOM,1,2022,3294976799.918058,1923583576.1504,5301054625.205857,32580883.8805,0.0,,"Disbursement January, 2022.xlsx"
ANAMBRA,1,2022,2487184202.45233,1605682297.0023,4192813220.41903,24593393.0979,0.0,,"Disbursement January, 2022.xlsx"
BAUCHI,1,2022,2823446252.5234947,1527665926.2222,4464571485.249895,27918367.8919,0.0,,"Disbursement January, 2022.xlsx"
BAYELSA,1,2022,1149245972.3203883,641417614.9015,1819436531.4088383,11363797.6376,0.0,,"Disbursement January, 2022.xlsx"
BENUE,1,2022,3072346503.950097,1617391786.4238,4627120187.147448,30379505.1569,-139538498.5199,,"Disbursement January, 2022.xlsx"
BORNO,1,2022,3335647594.472136,1786897907.616,5256587459.668636,32983038.5888,0.0,,"Disbursement January, 2022.xlsx"
CROSS RIVER,1,2022,2150386944.913398,1185751071.3913,3351424627.338048,21263126.1474,-38551266.1798,,"Disbursement January, 2022.xlsx"
DELTA,1,2022,2755412457.1829123,1751683597.8968,4576081573.1949625,27245646.5587,0.0003,,"Disbursement January, 2022.xlsx"
EBONYI,1,2022,1590717675.0757282,934151799.2839,2541645945.1311283,15729090.3715,-47146022.5634,,"Disbursement January, 2022.xlsx"
EDO,1,2022,2108263477.0281556,1347866793.9844,3508913529.615505,20846607.3375,0.0,,"Disbursement January, 2022.xlsx"
EKITI,1,2022,1674037655.5635922,1051057566.5024,2792365902.813692,16552962.2143,0.0,,"Disbursement January, 2022.xlsx"
ENUGU,1,2022,2142027036.2181551,1280358814.6146,3508462538.789755,21180462.9811,0.0,,"Disbursement January, 2022.xlsx"
GOMBE,1,2022,1467718421.2650487,873013334.2651,2345728004.806749,14512868.0278,-53983557.4299,,"Disbursement January, 2022.xlsx"
IMO,1,2022,2870792718.4670873,1705630743.8751,4648297683.047987,28386531.9496,0.0,,"Disbursement January, 2022.xlsx"
JIGAWA,1,2022,3016038045.0241747,1869578304.7583,5006814897.363575,29822724.4956,0.0,,"Disbursement January, 2022.xlsx"
KADUNA,1,2022,3391820370.3833013,1917246110.9358,5445365724.369001,33538477.61,0.0,,"Disbursement January, 2022.xlsx"
KANO,1,2022,5400068728.087476,3519655766.965,8624060126.573776,53396130.7952,-512664445.0401,,"Disbursement January, 2022.xlsx"
KATSINA,1,2022,4111164239.593301,2314464357.8601,6590834449.391401,40651383.2528,0.0,,"Disbursement January, 2022.xlsx"
KEBBI,1,2022,2594585924.000874,1375925414.7217,4035470344.694024,25655386.3166,0.0,,"Disbursement January, 2022.xlsx"
KOGI,1,2022,2681694602.0202913,1438881439.1398,4000572933.2126417,26516720.9776,-187142998.77,,"Disbursement January, 2022.xlsx"
KWARA,1,2022,1897579824.816311,1149159795.1914,3094248125.327011,18763357.5834,0.0,,"Disbursement January, 2022.xlsx"
LAGOS,1,2022,3232519998.2212625,7937500647.1084,11299918452.639664,31963308.1195,0.0,,"Disbursement January, 2022.xlsx"
NASSARAWA,1,2022,1692968259.917767,863426788.4442,2585188322.297967,16740148.9112,-39238127.2399,,"Disbursement January, 2022.xlsx"
NIGER,1,2022,3133553658.3891263,1654325656.5144,4866332114.991576,30984724.3469,0.0,,"Disbursement January, 2022.xlsx"
OGUN,1,2022,2235465850.1060195,1445966413.9956,3655486811.2342196,22104390.3197,-115776950.4001,,"Disbursement January, 2022.xlsx"
ONDO,1,2022,2135011289.9869905,1305414160.8072,3446701250.64474,21111090.9563,-47177126.8199,,"Disbursement January, 2022.xlsx"
OSUN,1,2022,2891926772.24233,1772015206.5234,4698124508.48353,28595506.4564,-82028645.0998,,"Disbursement January, 2022.xlsx"
OYO,1,2022,3647939982.5267963,2947630634.9253,6658473365.724997,36071000.2494,-83688581.46,,"Disbursement January, 2022.xlsx"
PLATEAU,1,2022,2286769596.3463106,1282488984.3947,3626510984.0978603,22611684.1495,0.0,,"Disbursement January, 2022.xlsx"
RIVERS,1,2022,2834577686.08767,3326797386.9111,6232342600.85512,28028436.0246,0.0,,"Disbursement January, 2022.xlsx"
SOKOTO,1,2022,2854858454.3006797,1564265167.6759,4497856179.83588,28228973.204,-35989038.1698,,"Disbursement January, 2022.xlsx"
TARABA,1,2022,2139725962.6025243,1093100172.2597,3318810354.8944244,21157709.8582,0.0,,"Disbursement January, 2022.xlsx"
YOBE,1,2022,2151306935.4114566,1112785955.2729,3350542488.4949565,21272223.0562,0.0,,"Disbursement January, 2022.xlsx"
ZAMFARA,1,2022,1943849627.004466,1076670221.3566,3098632838.9772663,19220875.5399,0.0,,"Disbursement January, 2022.xlsx"
FCT-ABUJA,1,2022,858538669.1735923,2801478719.8851,3694517497.542992,8489270.3,0.0,,"Disbursement January, 2022.xlsx"
ABIA,1,2023,2561857272.1524,1407687961.9884,4284897243.5803,,0.0,184450888.1785,"Disbursement January, 2023.xlsx"
ADAMAWA,1,2023,3231415262.3937,1766437322.6021,5373543664.7109,,-29166666.6902,189549770.6935,"Disbursement January, 2023.xlsx"
AKWA IBOM,1,2023,4304055242.6534,2447468516.5164,7233696331.446251,,0.0,262251789.274,"Disbursement January, 2023.xlsx"
ANAMBRA,1,2023,3248878173.0653,2092110024.041,5823812177.953899,,0.0,266352458.008,"Disbursement January, 2023.xlsx"
BAUCHI,1,2023,3688119638.9078,1891111147.3992,6033641275.8232,,0.0,208672474.0781,"Disbursement January, 2023.xlsx"
BAYELSA,1,2023,1501199690.5068,931818851.9173,2595456591.0327997,,0.0,85732478.4507,"Disbursement January, 2023.xlsx"
BENUE,1,2023,4013244972.7419,1997769992.6699,6298809099.571,,-139538498.52,222271143.6816,"Disbursement January, 2023.xlsx"
BORNO,1,2023,4357181366.7971,2264495099.134,7152891980.6122,,0.0,240898169.5807,"Disbursement January, 2023.xlsx"
CROSS RIVER,1,2023,2808937593.7997,1472705511.5892,4558146002.08765,,-38551266.1801,171528180.9372,"Disbursement January, 2023.xlsx"
DELTA,1,2023,3599250663.102,2404962820.8628,6481942767.806551,,0.0,293821322.7621,"Disbursement January, 2023.xlsx"
EBONYI,1,2023,2077871003.268,1132804268.4302,3420152434.7032003,,-52163701.844,123193106.4594,"Disbursement January, 2023.xlsx"
EDO,1,2023,2753913918.7332,1627439369.9272,4751796335.7255,,0.0,229728564.7492,"Disbursement January, 2023.xlsx"
EKITI,1,2023,2186707520.3708,1268295286.9745,3750185324.7653,,0.0,149483023.0951,"Disbursement January, 2023.xlsx"
ENUGU,1,2023,2798017483.8766,1602957335.8873,4782140932.0313,,0.0,194735266.4795,"Disbursement January, 2023.xlsx"
GOMBE,1,2023,1917203534.1621,1056438639.2382,3160252059.7552,,-53983557.4301,112850898.0428,"Disbursement January, 2023.xlsx"
IMO,1,2023,3749965842.1866,2143527621.3819,6343805730.87705,,0.0,258703336.2539,"Disbursement January, 2023.xlsx"
JIGAWA,1,2023,3939692188.4404,2357176659.7374,6795077426.6112,,0.0,235708379.2507,"Disbursement January, 2023.xlsx"
KADUNA,1,2023,4430556915.499,2479427971.7637,7490834172.876299,,0.0,285642955.4785,"Disbursement January, 2023.xlsx"
KANO,1,2023,7053826333.5854,4360453188.3467,11850610610.8604,,-512664445.0398,479001755.52,"Disbursement January, 2023.xlsx"
KATSINA,1,2023,5370198053.9806,2873761268.6823,8912089747.2507,,0.0,310316161.0884,"Disbursement January, 2023.xlsx"
KEBBI,1,2023,3389171404.4808,1692819843.2766,5440350920.3988495,,0.0,185185959.2522,"Disbursement January, 2023.xlsx"
KOGI,1,2023,3502956898.3026,1744761818.9789,5434488826.937849,,-187142998.7701,194925390.9212,"Disbursement January, 2023.xlsx"
KWARA,1,2023,2478708922.4897,1320543324.5033,4091105613.0213995,,0.0,165200807.8394,"Disbursement January, 2023.xlsx"
LAGOS,1,2023,4222471200.9114,9994081636.6246,15245221920.000698,,0.0,747327424.7243,"Disbursement January, 2023.xlsx"
NASSARAWA,1,2023,2211435575.1844,1041163658.1954,3484709698.0010004,,-39238127.24,124001476.6044,"Disbursement January, 2023.xlsx"
NIGER,1,2023,4093196665.8645,2133952376.7225,6670508656.24745,,0.0,234212898.5301,"Disbursement January, 2023.xlsx"
OGUN,1,2023,2920071701.9191,1844001925.3989,5096589015.637199,,-115776950.4,253729066.5856,"Disbursement January, 2023.xlsx"
ONDO,1,2023,2788853182.8271,1672740335.5764,4751715368.173049,,-47177126.8199,194799231.3334,"Disbursement January, 2023.xlsx"
OSUN,1,2023,3777572147.3204,2273588017.0938,6481974455.271,,-82028645.1002,261144733.7447,"Disbursement January, 2023.xlsx"
OYO,1,2023,4765112521.2992,3593683806.5954,8955557032.2706,,-83688581.4598,362951642.3298,"Disbursement January, 2023.xlsx"
PLATEAU,1,2023,2987087092.7345,1523155972.4126,4840218948.35065,,0.0,177347142.3313,"Disbursement January, 2023.xlsx"
RIVERS,1,2023,3702660046.2919,4986041703.6506,9172420360.976452,,0.0,294526825.4586,"Disbursement January, 2023.xlsx"
SOKOTO,1,2023,3729151749.2845,1926709631.6188,6075667777.1044,,-35989038.1701,207323464.9511,"Disbursement January, 2023.xlsx"
TARABA,1,2023,2795011712.1947,1267994623.4265,4389951840.6263,,0.0,140714932.6468,"Disbursement January, 2023.xlsx"
YOBE,1,2023,2810139329.0978,1325509159.6262,4467982069.1234,,0.0,145095060.653,"Disbursement January, 2023.xlsx"
ZAMFARA,1,2023,2539148736.4183,1325832906.6448,4178885309.6171,,0.0,144721147.417,"Disbursement January, 2023.xlsx"
FCT-ABUJA,1,2023,1121463999.4335,2401569207.3838,3769828765.7824,,0.0,172072837.2022,"Disbursement January, 2023.xlsx"
ABIA,1,2024,1369002196.4482,2772826612.2274,5408405733.2608,1092746194.3005,0.0,136904504.4236,"Disbursement January, 2024.xlsx"
ADAMAWA,1,2024,1726799786.99,3348993797.6449,6689126071.8506,1378342489.4778,0.0,141835729.4439,"Disbursement January, 2024.xlsx"
AKWA IBOM,1,2024,2299995844.7622,4672109532.3827,9064691096.277401,1835871200.7859,0.0,194676512.6634,"Disbursement January, 2024.xlsx"
ANAMBRA,1,2024,1736131596.1137,3869089710.1639,7282599659.9182,1385791198.422,0.0,197929471.3825,"Disbursement January, 2024.xlsx"
BAUCHI,1,2024,1970852920.3835,3761629304.0115,7567077170.4375,1573147241.0073,0.0,155127700.1935,"Disbursement January, 2024.xlsx"
BAYELSA,1,2024,802209278.3817,1729237749.8456,3259464710.2691,640328509.5223,0.0,66051105.701,"Disbursement January, 2024.xlsx"
BENUE,1,2024,2144593003.7901,3916572070.0006,7995788911.0526,1711827672.2241,0.0,164949854.8975,"Disbursement January, 2024.xlsx"
BORNO,1,2024,2328385318.849,4370108772.4197,8863576093.553398,1858531858.1948,0.0,180942628.7784,"Disbursement January, 2024.xlsx"
CROSS RIVER,1,2024,1501036680.457,2891636990.3387,5758947969.1145,1198136952.8339,0.0,127649740.9856,"Disbursement January, 2024.xlsx"
DELTA,1,2024,1923363224.3741,4443425091.8916,8165067709.591149,1535240665.8987,0.0,211159669.0726,"Disbursement January, 2024.xlsx"
EBONYI,1,2024,1110370198.3443,2247565562.3221,4386058537.6317005,886304500.9374,-11436813.0427,93354848.0923,"Disbursement January, 2024.xlsx"
EDO,1,2024,1471633195.3989,3354786718.9311,6207000895.4924,1174666905.4665,0.0,166219574.1829,"Disbursement January, 2024.xlsx"
EKITI,1,2024,1168530124.9672,2537973606.4964,4812609213.743799,932728121.4718,0.0,110339613.4156,"Disbursement January, 2024.xlsx"
ENUGU,1,2024,1495201205.299,3467202837.8092,6380325211.9512005,1193479039.7294,0.0,143781721.7628,"Disbursement January, 2024.xlsx"
GOMBE,1,2024,1024512910.1593,2091409146.6906,4074749473.4518,817772671.58,0.0,85786177.5698,"Disbursement January, 2024.xlsx"
IMO,1,2024,2003902219.8311,4174626013.062,8022698483.65975,1599527400.4325,0.0,190591406.0301,"Disbursement January, 2024.xlsx"
JIGAWA,1,2024,2105287955.7072,4436447931.3883,8511892849.320499,1680454134.7514,0.0,176130564.7598,"Disbursement January, 2024.xlsx"
KADUNA,1,2024,2367595655.9865,4659613759.4511,9252906406.4466,1889829796.7923,0.0,208144430.6334,"Disbursement January, 2024.xlsx"
KANO,1,2024,3769415200.8419,8313957789.7498,15131395086.775099,3008771005.7337,-512664445.0402,348569949.2921,"Disbursement January, 2024.xlsx"
KATSINA,1,2024,2869719953.2437,5693187155.2087,11238609587.254799,2290628580.2546,0.0,230263442.5425,"Disbursement January, 2024.xlsx"
KEBBI,1,2024,1811101323.757,3314053941.3271,6758447438.657,1445632508.2332,0.0,138808657.8597,"Disbursement January, 2024.xlsx"
KOGI,1,2024,1871905878.5854,3364115505.7667,6925483356.37435,1494167087.6936,0.0,144803789.8345,"Disbursement January, 2024.xlsx"
KWARA,1,2024,1324569481.731,2622282284.152,5157267808.13295,1057279720.9556,0.0,117408583.2542,"Disbursement January, 2024.xlsx"
LAGOS,1,2024,2256399063.0239,23257336972.7121,27953131148.9177,1801071974.4201,0.0,516599007.6385,"Disbursement January, 2024.xlsx"
NASSARAWA,1,2024,1181744273.0469,2083933176.5491,4366864612.5921,943275737.8763,0.0,94160824.7922,"Disbursement January, 2024.xlsx"
NIGER,1,2024,2187317493.0442,4308192166.171,8473380780.579649,1745930629.2219,0.0,172941770.3084,"Disbursement January, 2024.xlsx"
OGUN,1,2024,1560424390.9941,3492759908.8754,6556988430.7818,1245540598.2379,0.0,174084582.9975,"Disbursement January, 2024.xlsx"
ONDO,1,2024,1490303997.1672,3120419938.2939,5983515489.38425,1189570057.2877,0.0,143023385.8187,"Disbursement January, 2024.xlsx"
OSUN,1,2024,2018654443.8426,4341392696.1472,8271282792.386999,1611302718.754,0.0,191034218.7651,"Disbursement January, 2024.xlsx"
OYO,1,2024,2546375076.742,7375581757.4009,12355310622.7066,2032532658.8889,0.0,263453897.6059,"Disbursement January, 2024.xlsx"
PLATEAU,1,2024,1596235994.6376,2928731477.7779,5974152767.83235,1274125646.3076,0.0,132004224.495,"Disbursement January, 2024.xlsx"
RIVERS,1,2024,1978623005.7278,8355775221.1021,12189854826.4288,1579349372.1738,0.0,222737641.7565,"Disbursement January, 2024.xlsx"
SOKOTO,1,2024,1992779609.9929,3760623335.5415,7607534294.3401,1590649263.0541,0.0,155979219.5605,"Disbursement January, 2024.xlsx"
TARABA,1,2024,1493594984.6563,2644551294.4323,5517564734.2822,1192196944.2737,0.0,106647753.0521,"Disbursement January, 2024.xlsx"
YOBE,1,2024,1501678862.3147,2631028529.9538,5522354092.0966,1198649546.4461,0.0,109987301.119,"Disbursement January, 2024.xlsx"
ZAMFARA,1,2024,1356867236.5351,2583010553.9499,5206384633.8073,1083059992.7027,0.0,110249033.7422,"Disbursement January, 2024.xlsx"
FCT-ABUJA,1,2024,599286578.1989,3581287335.93,4816227915.5526,478354329.395,0.0,124970444.8009,"Disbursement January, 2024.xlsx"
ABIA,7,2021,2219214454.330874,884232653.2235,3070829361.0968,14035589.681941748,-113650837.4599,,"Disbursement July, 2021.xlsx"
ADAMAWA,7,2021,2799220524.968932,1047917824.3142,3808957752.4591002,17703881.948349517,-140392210.9799,,"Disbursement July, 2021.xlsx"
AKWA IBOM,7,2021,3728397249.355728,1538870468.6826,5196161937.0783,23580530.42631068,-207245644.7798,,"Disbursement July, 2021.xlsx"
ANAMBRA,7,2021,2814347809.4579616,1197795394.8447,3974514969.877901,17799555.60330097,-140392210.9799,,"Disbursement July, 2021.xlsx"
BAUCHI,7,2021,3194841688.073398,1219076939.8041,4396869209.3776,20206017.920097087,-133706867.5998,,"Disbursement July, 2021.xlsx"
BAYELSA,7,2021,1300417508.8999028,518423423.703,1812842037.3978,8224588.900970873,-53482747.0401,,"Disbursement July, 2021.xlsx"
BENUE,7,2021,3476482218.229612,1205843766.3006,4603027403.941706,21987274.75669903,-153762897.74,,"Disbursement July, 2021.xlsx"
BORNO,7,2021,3774417870.365243,1381506361.5162,5113240235.7974,23871591.324951455,-180504271.2597,,"Disbursement July, 2021.xlsx"
CROSS RIVER,7,2021,2433248322.3143687,916340269.2502,3318100801.3561993,15389263.070097089,-120336180.84,,"Disbursement July, 2021.xlsx"
DELTA,7,2021,3117858743.7871847,1438413434.9928,4502985064.0632,19719133.465631068,-167133584.5,,"Disbursement July, 2021.xlsx"
EBONYI,7,2021,1799960292.406699,744855727.7668,2505091278.5664997,11383985.02184466,-105449054.9517,,"Disbursement July, 2021.xlsx"
EDO,7,2021,2385583943.675437,1011437907.3534,3363793628.7840996,15087806.101941748,-120336180.84,,"Disbursement July, 2021.xlsx"
EKITI,7,2021,1894240162.9280584,891309315.3157,2747750862.2016,11980265.194174757,-106965494.08,,"Disbursement July, 2021.xlsx"
ENUGU,7,2021,2423788753.2559223,957512313.5435,3356153210.3065,15329435.31,-113650837.4599,,"Disbursement July, 2021.xlsx"
GOMBE,7,2021,1660781746.5694175,706558967.8101,2354444241.5707,10503739.780679611,-73538777.18,,"Disbursement July, 2021.xlsx"
IMO,7,2021,3248416096.6684465,1321603733.1129,4508129240.340301,20544853.319514565,-180504271.2602,,"Disbursement July, 2021.xlsx"
JIGAWA,7,2021,3412766958.2680583,1382015711.1915,4738893238.8063,21584302.77553398,-180504271.2601,,"Disbursement July, 2021.xlsx"
KADUNA,7,2021,3837979599.601262,1648982592.1513,5473340482.0585,24273592.28961165,-153762897.7404,,"Disbursement July, 2021.xlsx"
KANO,7,2021,6110392459.404563,2694404448.2149,8221094136.132199,38645639.31116505,-806819553.7599,,"Disbursement July, 2021.xlsx"
KATSINA,7,2021,4651945786.97165,1773403838.2048,6367910554.367399,29421583.01145631,-227301674.92,,"Disbursement July, 2021.xlsx"
KEBBI,7,2021,2935877127.4206796,1044432585.0133,3902802357.9876733,18568176.96776699,-140392210.9799,,"Disbursement July, 2021.xlsx"
KOGI,7,2021,3034444059.8286405,1060132530.7175,4019180485.0156603,19191570.987281553,-140392210.98,,"Disbursement July, 2021.xlsx"
KWARA,7,2021,2147187014.9294174,825922113.8048,2912135187.271662,13580046.693106797,-106965494.08,,"Disbursement July, 2021.xlsx"
LAGOS,7,2021,3657724895.1052427,5806545695.1941,9464123034.0622,23133557.77631068,-133706867.5999,,"Disbursement July, 2021.xlsx"
NASSARAWA,7,2021,1915660894.389903,653731631.834,2552432103.6131,12115742.230679613,-86909463.9401,,"Disbursement July, 2021.xlsx"
NIGER,7,2021,3545740546.925243,1284078336.985,4738633091.473794,22425304.29514563,-167133584.4999,,"Disbursement July, 2021.xlsx"
OGUN,7,2021,2529518486.069709,1224037478.1902,3712212726.1747,15998131.002524273,-133706867.5999,,"Disbursement July, 2021.xlsx"
ONDO,7,2021,2415850157.466893,1030178141.5398,3413905226.7630005,15279227.060388349,-120336180.8399,,"Disbursement July, 2021.xlsx"
OSUN,7,2021,3272330118.753398,1374023369.2608,4565280072.5189,20696099.361359224,-200560301.4001,,"Disbursement July, 2021.xlsx"
OYO,7,2021,4127789123.4333982,2413617151.162,6471513326.739401,26106514.544660192,-220616331.54,,"Disbursement July, 2021.xlsx"
PLATEAU,7,2021,2587570714.6527185,985548458.4183,3514892662.3452053,16365286.713592235,-113650837.4599,,"Disbursement July, 2021.xlsx"
RIVERS,7,2021,3207437347.7097087,2671007210.8969,5841799031.8239,20285680.122038834,-153762897.7397,,"Disbursement July, 2021.xlsx"
SOKOTO,7,2021,3230385843.256505,1184952913.1467,4379531178.167299,20430819.618058253,-153762897.7402,,"Disbursement July, 2021.xlsx"
TARABA,7,2021,2421184996.9746604,782953800.539,3185581210.0288,15312967.656407768,-106965494.0802,,"Disbursement July, 2021.xlsx"
YOBE,7,2021,2434289328.1395144,926387364.8258,3335912257.749399,15395846.99,-113650837.4598,,"Disbursement July, 2021.xlsx"
ZAMFARA,7,2021,2199543135.6800003,807112832.5192,2993375967.1969004,13911176.939126214,-93594807.32,,"Disbursement July, 2021.xlsx"
FCT-ABUJA,7,2021,971470637.5753398,1723237915.569,2690069075.7087,6144139.5311650485,-40112060.28,,"Disbursement July, 2021.xlsx"
ABIA,7,2022,2307179191.1971846,1172218680.4153,3514005559.480542,,0.0001,,"Disbursement July, 2022.xlsx"
ADAMAWA,7,2022,2910175415.52835,1504364848.45,4472678859.7541,,-29166666.6901,,"Disbursement July, 2022.xlsx"
AKWA IBOM,7,2022,3876182643.5661163,2018825295.9597,5953150679.178908,,-0.0004,,"Disbursement July, 2022.xlsx"
ANAMBRA,7,2022,2925902312.0097084,1621688013.118,4635367394.4881,,0.0001,,"Disbursement July, 2022.xlsx"
BAUCHI,7,2022,3321478123.7145634,1594726450.0653,5015848917.491301,,0.0,,"Disbursement July, 2022.xlsx"
BAYELSA,7,2022,1351963173.5216503,942073628.4717,2314316249.596275,,0.0001,,"Disbursement July, 2022.xlsx"
BENUE,7,2022,3614282259.5681553,1645542939.5776,5174500934.519378,,-139538498.5199,,"Disbursement July, 2022.xlsx"
BORNO,7,2022,3924027419.88,1870013943.8985,5911762186.3749,,0.0,,"Disbursement July, 2022.xlsx"
CROSS RIVER,7,2022,2529696886.7982526,1221977695.4216,3751068769.3419266,,-38551266.1799,,"Disbursement July, 2022.xlsx"
DELTA,7,2022,3241443746.33068,1906257738.653,5196323141.17854,,-0.0001,,"Disbursement July, 2022.xlsx"
EBONYI,7,2022,1871306724.5559223,971589173.7267,2848999010.2462,,-50036089.7731,,"Disbursement July, 2022.xlsx"
EDO,7,2022,2480143197.9501944,1420345836.8492,3937691182.768647,,0.0,,"Disbursement July, 2022.xlsx"
EKITI,7,2022,1969323639.9520388,1215718403.0043,3244121752.1549,,0.0,,"Disbursement July, 2022.xlsx"
ENUGU,7,2022,2519862361.411456,1367739567.9486,3963197800.2024,,0.0,,"Disbursement July, 2022.xlsx"
GOMBE,7,2022,1726611449.9780583,924317687.5348,2648743923.5822,,-53983557.43,,"Disbursement July, 2022.xlsx"
IMO,7,2022,3377176102.9926214,1948314567.3571,5376148311.894311,,-0.0003,,"Disbursement July, 2022.xlsx"
JIGAWA,7,2022,3548041468.076214,1857958366.9905,5512441079.1089,,-0.0001,,"Disbursement July, 2022.xlsx"
KADUNA,7,2022,3990108595.029223,1971170056.2938,6080981909.1737995,,-0.0001,,"Disbursement July, 2022.xlsx"
KANO,7,2022,6352594858.4519415,3627629178.9045,9658137438.070099,,-512664445.0399,,"Disbursement July, 2022.xlsx"
KATSINA,7,2022,4836338595.998252,2358143676.4302,7339572430.3088,,0.0004,,"Disbursement July, 2022.xlsx"
KEBBI,7,2022,3052248782.481068,1404021674.9968,4502054189.215184,,0.0001,,"Disbursement July, 2022.xlsx"
KOGI,7,2022,3154722689.3840775,1419459700.3151,4434360231.269938,,-187142998.77,,"Disbursement July, 2022.xlsx"
KWARA,7,2022,2232296743.915728,1078617378.9006,3344398573.975164,,0.0001,,"Disbursement July, 2022.xlsx"
LAGOS,7,2022,3802708994.004854,8973021438.0624,12889811701.887402,,0.0,,"Disbursement July, 2022.xlsx"
NASSARAWA,7,2022,1991593441.6793203,872530277.2435,2884633394.9334,,-39238127.2398,,"Disbursement July, 2022.xlsx"
NIGER,7,2022,3686285834.7392235,1740935552.6142,5482515674.874311,,-0.0002,,"Disbursement July, 2022.xlsx"
OGUN,7,2022,2629782986.2355337,1515222822.2855,4108122347.7081,,-115776950.4,,"Disbursement July, 2022.xlsx"
ONDO,7,2022,2511609097.299806,1350736225.2266,3852842332.166003,,-47177126.8199,,"Disbursement July, 2022.xlsx"
OSUN,7,2022,3402038023.8515534,1830454770.6764,5252525290.1433,,-82028645.1002,,"Disbursement July, 2022.xlsx"
OYO,7,2022,4291405525.3420386,3176000007.2965,7512459116.9392,,-83688581.4596,,"Disbursement July, 2022.xlsx"
PLATEAU,7,2022,2690136276.3503885,1243061953.7082,3973550274.2035446,,-0.0003,,"Disbursement July, 2022.xlsx"
RIVERS,7,2022,3334573047.350971,3295157601.5385,6679749244.599636,,-0.0001,,"Disbursement July, 2022.xlsx"
SOKOTO,7,2022,3358431170.3421364,1579107178.9207,5002302246.2033,,-35989038.1698,,"Disbursement July, 2022.xlsx"
TARABA,7,2022,2517155398.008835,1080444740.7978,3673114800.7469,,0.0,,"Disbursement July, 2022.xlsx"
YOBE,7,2022,2530779155.7844663,1121007913.3467,3727710443.8047,,0.0,,"Disbursement July, 2022.xlsx"
ZAMFARA,7,2022,2286728145.122136,1105893185.0308,3461223174.5067005,,0.0001,,"Disbursement July, 2022.xlsx"
FCT-ABUJA,7,2022,1009977578.1012622,1893161834.7647,2933438740.2091,,0.0001,,"Disbursement July, 2022.xlsx"
ABIA,7,2024,385741887.6841,3188782799.4049,6340849444.2552,1769193701.9656,0.0,122106555.0281,"Disbursement July, 2024.xlsx"
ADAMAWA,7,2024,486558028.3318,3927049883.9397,7927094331.3968,2231583934.3613,0.0,121703977.8232,"Disbursement July, 2024.xlsx"
AKWA IBOM,7,2024,648066702.2493,5562213367.3967,10821725478.4357,2972338666.5554,0.0,169019462.8391,"Disbursement July, 2024.xlsx"
ANAMBRA,7,2024,489187439.502,4595399287.5586,8664088843.5276,2243643650.5342,0.0,169390123.2569,"Disbursement July, 2024.xlsx"
BAUCHI,7,2024,555324547.929,4409557667.7297,8969987266.0278,2546979532.458,0.0,133953119.4337,"Disbursement July, 2024.xlsx"
BAYELSA,7,2024,226037417.7364,1748711531.5914,3579557496.48635,1036713897.6504,0.0,55346916.3993,"Disbursement July, 2024.xlsx"
BENUE,7,2024,604279055.0242,4473250739.4871,9361318676.0121,2771507924.1139,0.0,141522439.9173,"Disbursement July, 2024.xlsx"
BORNO,7,2024,656065965.766,5174361700.0811,10561500312.8085,3009027050.9028,0.0,157655102.8096,"Disbursement July, 2024.xlsx"
CROSS RIVER,7,2024,422945064.7374,3309596863.525,6741072934.8594,1939824967.684,0.0,109289118.717,"Disbursement July, 2024.xlsx"
DELTA,7,2024,541943440.8484,5000728439.58,9443074849.9252,2485607482.5763,0.0,185440305.1498,"Disbursement July, 2024.xlsx"
EBONYI,7,2024,312867501.198,2632049239.4276,5201429337.2088,1434957494.4859,-3222535.2624,78744509.5033,"Disbursement July, 2024.xlsx"
EDO,7,2024,414660084.7279,3807364448.9514,7209730542.02295,1901826153.1344,0.0,145256746.9466,"Disbursement July, 2024.xlsx"
EKITI,7,2024,329255144.6522,2976389501.7138,5698999632.7283,1510118934.077,0.0,98126558.6912,"Disbursement July, 2024.xlsx"
ENUGU,7,2024,421300810.8356,3358445421.2274,6840012356.5219,1932283646.038,0.0,123389925.7498,"Disbursement July, 2024.xlsx"
GOMBE,7,2024,288675609.8323,2322178276.3876,4628862583.3414,1324002103.8234,0.0,72679226.9734,"Disbursement July, 2024.xlsx"
IMO,7,2024,564636804.1025,4764501881.7559,9364841490.81155,2589689918.599,0.0,165179632.1403,"Disbursement July, 2024.xlsx"
JIGAWA,7,2024,593204125.0629,4991993740.9326,9872970336.0924,2720713087.0387,0.0,152563063.7434,"Disbursement July, 2024.xlsx"
KADUNA,7,2024,667114209.1535,5252331874.2936,10596991748.2791,3059699490.7976,0.0,181991184.9276,"Disbursement July, 2024.xlsx"
KANO,7,2024,1062102996.4819,9196437840.8449,17967534387.9806,4871303823.1248,0.0,305103193.175,"Disbursement July, 2024.xlsx"
KATSINA,7,2024,808597089.735,6411371621.0024,13058703613.9715,3708606517.1098,0.0,202027149.2722,"Disbursement July, 2024.xlsx"
KEBBI,7,2024,510311557.7357,3785870721.7829,7913823952.18285,2340528790.9154,0.0,119512087.028,"Disbursement July, 2024.xlsx"
KOGI,7,2024,527444374.4836,3855042457.3923,8123002977.71615,2419107945.6693,0.0,124942986.2879,"Disbursement July, 2024.xlsx"
KWARA,7,2024,373222142.066,3061673571.8959,6094905262.00605,1711772260.8294,0.0,101612824.7392,"Disbursement July, 2024.xlsx"
LAGOS,7,2024,635782496.3301,28359525039.702,33920135807.6789,2915997521.2464,0.0,492806227.0562,"Disbursement July, 2024.xlsx"
NASSARAWA,7,2024,332978477.1912,2328454710.5261,4985667186.8124,1527195888.0952,0.0,80356017.9188,"Disbursement July, 2024.xlsx"
NIGER,7,2024,616317476.276,4701674903.7439,9693177852.4175,2826721785.3514,0.0,150396977.5583,"Disbursement July, 2024.xlsx"
OGUN,7,2024,439678659.1952,3991882449.4058,7661003985.8711,2016573101.2729,0.0,164455210.3567,"Disbursement July, 2024.xlsx"
ONDO,7,2024,419920931.1587,3600688716.4812,7025734938.2069,1925954868.9139,0.0,126613505.6672,"Disbursement July, 2024.xlsx"
OSUN,7,2024,568793518.2064,4999512123.567,9703578827.6076,2608754564.279,0.0,170229438.859,"Disbursement July, 2024.xlsx"
OYO,7,2024,717488643.4827,7808801739.0056,13781336385.968,3290740336.5042,0.0,253452686.5633,"Disbursement July, 2024.xlsx"
PLATEAU,7,2024,449769246.067,3352529623.1058,6998371261.072,2062853278.0236,0.0,112953692.104,"Disbursement July, 2024.xlsx"
RIVERS,7,2024,557513914.3131,10857501506.9144,15426189524.1691,2557020996.2997,0.0,189477556.0042,"Disbursement July, 2024.xlsx"
SOKOTO,7,2024,561502801.4503,4328071040.576,8939664209.4534,2575315908.5883,0.0,135870003.5601,"Disbursement July, 2024.xlsx"
TARABA,7,2024,420848228.2291,2995568380.0656,6342711038.0189,1930207889.3646,0.0,90279079.1061,"Disbursement July, 2024.xlsx"
YOBE,7,2024,423126011.4466,3004473559.5854,6471845349.4555,1940654874.3864,0.0,94646157.1772,"Disbursement July, 2024.xlsx"
ZAMFARA,7,2024,382322636.5274,2974916474.9612,6116188011.4185,1753511408.1706,0.0,93788466.8953,"Disbursement July, 2024.xlsx"
FCT-ABUJA,7,2024,168860164.3868,2281622087.47,3728001255.9286,774472124.7145,0.0,100399509.0634,"Disbursement July, 2024.xlsx"
ABIA,6,2021,1383280462.9854,1037212521.4152,2683699966.031069,6329241.3165,-113650837.4602,,"Disbursement June, 2021.xlsx"
ADAMAWA,6,2021,1744809770.9624,1229045672.9547,3308815283.809973,7983429.5265999995,-140392210.98,,"Disbursement June, 2021.xlsx"
AKWA IBOM,6,2021,2323984085.097,1806611924.059,4556491363.149015,10633459.0014,-207245644.7802,,"Disbursement June, 2021.xlsx"
ANAMBRA,6,2021,1754238907.9487,1405713201.099,3497480801.8235617,8026572.8263,-140392210.98,,"Disbursement June, 2021.xlsx"
BAUCHI,6,2021,1991408302.5274,1430749811.7881,3830986047.070221,9111748.5161,-133706867.6,,"Disbursement June, 2021.xlsx"
BAYELSA,6,2021,810576071.3097,609529901.2065,1587454747.8032942,3708815.1666,-53482747.0401,,"Disbursement June, 2021.xlsx"
BENUE,6,2021,2166960440.8935003,1413696897.3859,3977101092.037701,9914992.599499999,-153762897.7399,,"Disbursement June, 2021.xlsx"
BORNO,6,2021,2352669652.5566,1620888797.6086,4434010209.176095,10764710.6768,-180504271.2599,,"Disbursement June, 2021.xlsx"
CROSS RIVER,6,2021,1516692025.5409,1074701973.0722,2884261982.9995356,6939669.9293,-120336180.8403,,"Disbursement June, 2021.xlsx"
DELTA,6,2021,1943423303.7785,1690639158.8257,3996390753.2838593,8892191.712800002,-167133584.5001,,"Disbursement June, 2021.xlsx"
EBONYI,6,2021,1121951013.6915998,875292689.4039,2204439955.2259526,5133520.5701,-98465559.3811,,"Disbursement June, 2021.xlsx"
EDO,6,2021,1486981871.2916,1187603927.702,2959359615.7539434,6803730.2259,-120336180.8399,,"Disbursement June, 2021.xlsx"
EKITI,6,2021,1180717530.2356,1047605457.9694,2443029523.2768745,5402408.5320999995,-106965494.0802,,"Disbursement June, 2021.xlsx"
ENUGU,6,2021,1510795688.1948,1123776571.9636,2932519203.034645,6912691.060500001,-113650837.4601,,"Disbursement June, 2021.xlsx"
GOMBE,6,2021,1035198260.7306,830569917.6116,2074256487.7180233,4736580.742500001,-73538777.1802,,"Disbursement June, 2021.xlsx"
IMO,6,2021,2024802295.8753002,1549793766.2725,3945724375.698266,9264543.7365,-180504271.2602,,"Disbursement June, 2021.xlsx"
JIGAWA,6,2021,2127245453.3997,1620991132.1672,4147274282.614791,9733275.4813,-180504271.26,,"Disbursement June, 2021.xlsx"
KADUNA,6,2021,2392288941.2984,1938998494.5833,4829274358.356951,10945989.9228,-153762897.7399,,"Disbursement June, 2021.xlsx"
KANO,6,2021,3808729027.4153,3164676149.5342,7204227195.665757,17426954.091199998,-806819553.7599,,"Disbursement June, 2021.xlsx"
KATSINA,6,2021,2899650238.5916,2080012264.3062,5542335019.255444,13267436.7814,-227301674.9199,,"Disbursement June, 2021.xlsx"
KEBBI,6,2021,1829990546.5026,1224695878.3302,3378941815.1071863,8373176.723800001,-140392210.9798,,"Disbursement June, 2021.xlsx"
KOGI,6,2021,1891429273.8999999,1243372458.1691,3474656851.7337484,8654291.467400001,-140392210.9799,,"Disbursement June, 2021.xlsx"
KWARA,6,2021,1338384328.8925998,969428682.3599,2540672807.0729895,6123817.7059,-106965494.08,,"Disbursement June, 2021.xlsx"
LAGOS,6,2021,2279932602.5029,6667110402.2227,9434475849.03309,10431900.118999999,-133706867.6001,,"Disbursement June, 2021.xlsx"
NASSARAWA,6,2021,1194069497.7645,767094403.3597,2199564046.343831,5463500.8607,-86909463.9399,,"Disbursement June, 2021.xlsx"
NIGER,6,2021,2210130533.2636,1506417289.1508,4110582082.574854,10112518.653900001,-167133584.5,,"Disbursement June, 2021.xlsx"
OGUN,6,2021,1576699131.4032001,1439040788.2625,3311585418.2927933,7214234.2446,-133706867.5999,,"Disbursement June, 2021.xlsx"
ONDO,6,2021,1505847403.7075,1209447670.1194,3005208573.822321,6890050.036,-120336180.8399,,"Disbursement June, 2021.xlsx"
OSUN,6,2021,2039708380.989,1611485024.0812,4006326668.793068,9332746.9765,-200560301.3999,,"Disbursement June, 2021.xlsx"
OYO,6,2021,2572932975.7318997,2847069305.4276,5900350024.410463,11772532.1295,-220616331.5402,,"Disbursement June, 2021.xlsx"
PLATEAU,6,2021,1612884238.9191,1157512706.4084,3066268875.157489,7379800.2913,-113650837.4601,,"Disbursement June, 2021.xlsx"
RIVERS,6,2021,1999259427.4422,3163717262.2961,5553887535.169464,9147671.5744,-153762897.7399,,"Disbursement June, 2021.xlsx"
SOKOTO,6,2021,2013563680.6806,1390049778.6683,3798421323.36672,9213121.114599999,-153762897.7401,,"Disbursement June, 2021.xlsx"
TARABA,6,2021,1509172715.1706,918214344.286,2731577186.6197205,6905265.098200001,-106965494.0801,,"Disbursement June, 2021.xlsx"
YOBE,6,2021,1517340905.156,1088949752.5084,2906020764.7319803,6942638.8972000005,-113650837.46,,"Disbursement June, 2021.xlsx"
ZAMFARA,6,2021,1371018939.2205,946196595.7222,2597138044.7473173,6273138.3463,-93594807.3201,,"Disbursement June, 2021.xlsx"
FCT-ABUJA,6,2021,605536950.5634,2052936819.4843,2783332835.062005,2770652.5096,-40112060.2801,,"Disbursement June, 2021.xlsx"
ABIA,6,2022,1459364851.140874,1226458297.3724,3308654968.799487,,0.0,600941347.5191,"Disbursement June, 2022.xlsx"
ADAMAWA,6,2022,1840779306.7313592,1490274617.2111,4116483653.0537,,0.0001,730206349.9092,"Disbursement June, 2022.xlsx"
AKWA IBOM,6,2022,2451809867.307476,2063475997.0398,5563127187.054788,,0.0002,1011064174.6977,"Disbursement June, 2022.xlsx"
ANAMBRA,6,2022,1850727073.2638836,1628040411.4058,4331998277.8752,,-0.0002,797708981.0078,"Disbursement June, 2022.xlsx"
BAUCHI,6,2022,2100941463.9645631,1615540393.5311,4571094310.3027,,0.0001,791584208.888,"Disbursement June, 2022.xlsx"
BAYELSA,6,2022,855160077.2935923,749824389.3582,1985211623.603096,,0.0001,367399755.7918,"Disbursement June, 2022.xlsx"
BENUE,6,2022,2286149472.845728,1698922808.5638,4712266038.716014,,-139538498.5201,832440013.7339,"Disbursement June, 2022.xlsx"
BORNO,6,2022,2482073223.1532035,1878448515.9283,5355388147.5011,,0.0001,920404211.7249,"Disbursement June, 2022.xlsx"
CROSS RIVER,6,2022,1600114431.8219416,1272336865.2894,3481322724.675871,,-38551266.1799,623420977.2671,"Disbursement June, 2022.xlsx"
DELTA,6,2022,2050317152.822136,1959272605.7041,5000351001.446068,,0.0,960006485.6275,"Disbursement June, 2022.xlsx"
EBONYI,6,2022,1183661533.5040777,977600953.1726,2632824948.3786,,-42953344.3051,479005960.0019,"Disbursement June, 2022.xlsx"
EDO,6,2022,1568770133.97767,1408249325.0347,3690566520.593235,,0.0,690015509.5712,"Disbursement June, 2022.xlsx"
EKITI,6,2022,1245660376.806699,1142595960.8262,2985476539.1538,,0.0,559850390.2167,"Disbursement June, 2022.xlsx"
ENUGU,6,2022,1593893779.0302913,1299911892.7083,3578554703.7865005,,0.0,636932218.677,"Disbursement June, 2022.xlsx"
GOMBE,6,2022,1092137130.6092231,869388401.3857,2366289946.6914997,,-53983557.4298,425983858.2081,"Disbursement June, 2022.xlsx"
IMO,6,2022,2136172222.6108737,1851862038.1256,4927454184.9883375,,-0.0001,907377340.9128,"Disbursement June, 2022.xlsx"
JIGAWA,6,2022,2244250047.268835,1928780810.0817,5185424441.783401,,-0.0002,945066083.015,"Disbursement June, 2022.xlsx"
KADUNA,6,2022,2523871686.273204,2012749510.7743,5598546504.371401,,0.0,986209156.7357,"Disbursement June, 2022.xlsx"
KANO,6,2022,4018220034.8094177,3717622794.0408,9165289775.2791,,-512664445.0402,1821564790.4248,"Disbursement June, 2022.xlsx"
KATSINA,6,2022,3059139308.3578644,2411696781.029,6744296035.291,,-0.0001,1181685766.6535,"Disbursement June, 2022.xlsx"
KEBBI,6,2022,1930645268.9440775,1447343969.0394,4116120062.0467386,,0.0001,709171145.029,"Disbursement June, 2022.xlsx"
KOGI,6,2022,1995463302.352136,1461359017.2981,4015649523.771418,,-187142998.7698,716038253.3557,"Disbursement June, 2022.xlsx"
KWARA,6,2022,1411999301.0584466,1201504724.6896,3223398584.5666237,,-0.0001,588714569.3028,"Disbursement June, 2022.xlsx"
LAGOS,6,2022,2405335426.9762135,9055147051.5131,15969493172.728,,0.0,4436850631.4294,"Disbursement June, 2022.xlsx"
NASSARAWA,6,2022,1259746740.799029,906875203.3063,2609527900.5726,,-39238127.24,444351681.4833,"Disbursement June, 2022.xlsx"
NIGER,6,2022,2331694043.966408,1835980081.8103,5102245019.417504,,0.0001,899595482.9812,"Disbursement June, 2022.xlsx"
OGUN,6,2022,1663422100.4089322,1526391290.1336,3871841939.0679007,,-115776950.4,747902835.9131,"Disbursement June, 2022.xlsx"
ONDO,6,2022,1588673324.7206798,1370090398.1773,3606735053.74989,,-47177126.82,671318357.8011,"Disbursement June, 2022.xlsx"
OSUN,6,2022,2151898185.1072817,1866668939.4141,4915727867.2081,,-82028645.0999,914632442.2334,"Disbursement June, 2022.xlsx"
OYO,6,2022,2714451660.092524,3290912470.9114,7615593909.530499,,-83688581.4599,1612484810.1837,"Disbursement June, 2022.xlsx"
PLATEAU,6,2022,1701597492.4984467,1307557378.4102,3675357195.229424,,-0.0001,640678361.9334,"Disbursement June, 2022.xlsx"
RIVERS,6,2022,2109224423.241262,3845332481.096,7870335390.084481,,0.0001,1884140119.3985,"Disbursement June, 2022.xlsx"
SOKOTO,6,2022,2124315451.3848546,1615980156.4954,4559835717.6674,,-35989038.1701,791799684.4157,"Disbursement June, 2022.xlsx"
TARABA,6,2022,1592181537.8403883,1094023058.9012,3270020630.6884995,,0.0001,536050587.8116,"Disbursement June, 2022.xlsx"
YOBE,6,2022,1600799001.674369,1157438959.608,3373385109.9586,,0.0002,567123178.6258,"Disbursement June, 2022.xlsx"
ZAMFARA,6,2022,1446428908.4431067,1116711034.0873,3153700075.9286003,,0.0002,547167266.1447,"Disbursement June, 2022.xlsx"
FCT-ABUJA,6,2022,638843217.5295146,2176920163.3617,3901578345.9908,,-0.0001,1066649668.5738,"Disbursement June, 2022.xlsx"
ABIA,6,2023,2062108677.82718,1508987933.0704,4251737580.2410297,2416688.5538,0.0,110465903.7738,"Disbursement June, 2023.xlsx"
ADAMAWA,6,2023,2601054136.26243,1904671150.1733,5357010712.40563,3048305.7594,-29166666.6897,112190374.2778,"Disbursement June, 2023.xlsx"
AKWA IBOM,6,2023,3464451264.40078,2620660547.9071,7198955304.10663,4060164.1444,0.0,155919329.9525,"Disbursement June, 2023.xlsx"
ANAMBRA,6,2023,2615110508.57757,2125882300.0048,5675421686.33877,3064779.1268,0.0,162015391.5972,"Disbursement June, 2023.xlsx"
BAUCHI,6,2023,2968667924.99612,2046784267.9343,6015459286.157721,3479130.7905,0.0,123164935.4394,"Disbursement June, 2023.xlsx"
BAYELSA,6,2023,1208356508.61408,919695392.8002,2513423582.52808,1416133.5795,0.0,51259925.056,"Disbursement June, 2023.xlsx"
BENUE,6,2023,3230370159.37495,2152082969.8026,6266651689.4969,3785832.7611,-139538498.52,130536551.3967,"Disbursement June, 2023.xlsx"
BORNO,6,2023,3507213928.35058,2528456339.0348,7215260324.997982,4110279.8541,0.0,143679977.2475,"Disbursement June, 2023.xlsx"
CROSS RIVER,6,2023,2260990356.72786,1609253828.475,4558116421.97721,2649767.9649,-38551266.1798,101257458.7194,"Disbursement June, 2023.xlsx"
DELTA,6,2023,2897134866.46427,2781975094.3819,6655629264.38232,3395297.6121,0.0,175458680.3922,"Disbursement June, 2023.xlsx"
EBONYI,6,2023,1672534951.03757,1226169856.0354,3417386284.4432697,1960127.5702,-47988740.5059,72661055.3507,"Disbursement June, 2023.xlsx"
EDO,6,2023,2216700302.36981,1829100239.0336,4795413069.25656,2597862.2298,0.0,136692726.9513,"Disbursement June, 2023.xlsx"
EKITI,6,2023,1760140427.27583,1405773863.207,3772855182.9065304,2062796.8205,0.0,87056092.4878,"Disbursement June, 2023.xlsx"
ENUGU,6,2023,2252200462.89544,1654064787.9856,4686842273.94474,2639466.6478,0.0,115354652.7782,"Disbursement June, 2023.xlsx"
GOMBE,6,2023,1543209330.17272,1093810432.3844,3105506857.30822,1808564.3906,-53983557.43,66659819.4525,"Disbursement June, 2023.xlsx"
IMO,6,2023,3018449618.08913,2311308857.5801,6317653192.18103,3537472.4525,0.0,153290445.9324,"Disbursement June, 2023.xlsx"
JIGAWA,6,2023,3171165520.44466,2544293032.4738,6791670079.97146,3716447.8763,0.0,139558560.8397,"Disbursement June, 2023.xlsx"
KADUNA,6,2023,3566275905.5201,2570421505.1482,7358098606.3278,4179497.5469,0.0,168046243.4486,"Disbursement June, 2023.xlsx"
KANO,6,2023,5677816891.86388,4574859489.3048,11699808959.331882,6654118.3016,-512664445.0397,282765660.7297,"Disbursement June, 2023.xlsx"
KATSINA,6,2023,4322618644.34796,3076681354.6257,8860336914.12066,5065893.5256,0.0,184284393.4211,"Disbursement June, 2023.xlsx"
KEBBI,6,2023,2728036350.73379,1840330905.066,5431777348.499439,3197122.5832,0.0,109105374.4849,"Disbursement June, 2023.xlsx"
KOGI,6,2023,2819625393.09447,1899364162.3767,5426409818.51662,3304460.3743,-187142998.7701,114934083.8403,"Disbursement June, 2023.xlsx"
KWARA,6,2023,1995180307.05097,1412780874.9021,4053287497.8742704,2338251.8404,0.0,93657010.3075,"Disbursement June, 2023.xlsx"
LAGOS,6,2023,3398782047.66631,11138048808.5002,15990143225.39251,3983203.0967,0.0,449429328.1377,"Disbursement June, 2023.xlsx"
NASSARAWA,6,2023,1780044711.94136,1126474702.8274,3466371725.14046,2086123.6496,-39238127.2401,73326598.2021,"Disbursement June, 2023.xlsx"
NIGER,6,2023,3294725454.2566,2220952635.3232,6564350570.0585,3861253.9574,0.0,137677671.0808,"Disbursement June, 2023.xlsx"
OGUN,6,2023,2350445226.53922,1958959817.9828,5033150712.90142,2754604.6126,-115776950.3999,145282132.382,"Disbursement June, 2023.xlsx"
ONDO,6,2023,2244823867.4366,1761418367.9269,4693352682.30945,2630821.6457,-47177126.8201,113591579.6263,"Disbursement June, 2023.xlsx"
OSUN,6,2023,3040670684.81282,2404991919.4417,6414885189.94742,3563514.435,-82028645.0999,153141940.1091,"Disbursement June, 2023.xlsx"
OYO,6,2023,3835568822.5899,3912720021.9192,9010656881.1529,4495095.4188,-83688581.46,213161822.2844,"Disbursement June, 2023.xlsx"
PLATEAU,6,2023,2404387739.43786,1674570219.6744,4848703015.56296,2817822.548,0.0,104929495.6945,"Disbursement June, 2023.xlsx"
RIVERS,6,2023,2980371894.83485,5165227170.7291,9144947103.351,3492847.2596,0.0,175272294.9166,"Disbursement June, 2023.xlsx"
SOKOTO,6,2023,3001695787.94369,2045267305.8301,6020262622.350491,3517837.7994,-35989038.1703,122691116.9063,"Disbursement June, 2023.xlsx"
TARABA,6,2023,2249781035.42136,1384375315.9034,4381543217.59536,2636631.1995,0.0,82879111.4491,"Disbursement June, 2023.xlsx"
YOBE,6,2023,2261957666.19233,1467346164.888,4483686511.53463,2650901.6036,0.0,86278368.7023,"Disbursement June, 2023.xlsx"
ZAMFARA,6,2023,2043829959.06,1470970863.7921,4203894942.9764,2395266.8066,0.0,85417212.928,"Disbursement June, 2023.xlsx"
FCT-ABUJA,6,2023,902696910.651845,2693913360.4122,3959806006.004745,1057915.7709,0.0,96570188.7488,"Disbursement June, 2023.xlsx"
ABIA,6,2024,480762359.4053,2817934771.3644,5285913911.08245,1836193076.1551,0.0,116269372.6242,"Disbursement June, 2024.xlsx"
ADAMAWA,6,2024,606412715.7491,3834714127.8842,6962403967.6297,2316094028.9246,0.0,117507892.7316,"Disbursement June, 2024.xlsx"
AKWA IBOM,6,2024,807706102.8971,4828146618.3153,8942629384.76625,3084901146.4674,0.0,163486408.346,"Disbursement June, 2024.xlsx"
ANAMBRA,6,2024,609689834.3564,4227949373.9689,7420620232.6,2328610446.6089,0.0,166221569.2371,"Disbursement June, 2024.xlsx"
BAUCHI,6,2024,692118612.0105,3908779348.3289,7473566281.7402,2643433659.8717,0.0,129168093.3728,"Disbursement June, 2024.xlsx"
BAYELSA,6,2024,281717608.9364,2229000989.5564,3660715928.68395,1075974258.0502,0.0,53657694.1361,"Disbursement June, 2024.xlsx"
BENUE,6,2024,753132168.1894,3970369974.3073,7791581664.6883,2876464942.8235,0.0,137170622.7029,"Disbursement June, 2024.xlsx"
BORNO,6,2024,817675838.9424,4583396604.8527,8793395763.9878,3122978920.111,0.0,151124757.3096,"Disbursement June, 2024.xlsx"
CROSS RIVER,6,2024,527129859.9248,2943379638.7163,5627937803.6579,2013286148.7455,0.0,106035916.1412,"Disbursement June, 2024.xlsx"
DELTA,6,2024,675441313.4935,4485785961.4218,7971183987.8651,2579737450.159,0.0,181391581.336,"Disbursement June, 2024.xlsx"
EBONYI,6,2024,389936698.2424,2340581991.8274,4348582466.1961,1489299341.8555,-4016347.9919,76403701.0597,"Disbursement June, 2024.xlsx"
EDO,6,2024,516804026.3449,3278292396.6422,5947610401.22095,1973848318.9023,0.0,141305874.1529,"Disbursement June, 2024.xlsx"
EKITI,6,2024,410361138.4798,2695428717.8985,4824569947.5187,1567307145.5336,0.0,92142897.0867,"Disbursement June, 2024.xlsx"
ENUGU,6,2024,525080574.0934,3016138632.1805,5743287503.0475,2005459237.2117,0.0,120692865.2231,"Disbursement June, 2024.xlsx"
GOMBE,6,2024,359785576.0987,2149555045.4922,3953530002.8168,1374142070.0035,0.0,70047311.2224,"Disbursement June, 2024.xlsx"
IMO,6,2024,703724772.4828,4213717475.736,7817302242.23515,2687761488.5452,0.0,161226211.5555,"Disbursement June, 2024.xlsx"
JIGAWA,6,2024,739329131.421,4551443592.2744,8368576499.251,2823746505.0184,0.0,147165001.4437,"Disbursement June, 2024.xlsx"
KADUNA,6,2024,831445615.3857,4817460161.9977,9000702205.8297,3175570325.5535,0.0,176226102.8928,"Disbursement June, 2024.xlsx"
KANO,6,2024,1323732679.3472,8494281877.7039,15360108611.1074,5055780122.8507,0.0,294928547.1397,"Disbursement June, 2024.xlsx"
KATSINA,6,2024,1007780220.6114,5732432336.9739,10929295793.6436,3849051464.142,0.0,194326821.3733,"Disbursement June, 2024.xlsx"
KEBBI,6,2024,636017493.4646,3362125929.4069,6588605296.087,2429164627.7319,0.0,115319513.6656,"Disbursement June, 2024.xlsx"
KOGI,6,2024,657370666.832,3519143747.2695,6855177520.45865,2510719575.4624,0.0,120422177.2604,"Disbursement June, 2024.xlsx"
KWARA,6,2024,465158603.0218,2656894216.3229,5029793742.5903,1776597084.7609,0.0,97517503.1679,"Disbursement June, 2024.xlsx"
LAGOS,6,2024,792395907.1172,22519130013.8721,26930545304.4414,3026426361.7091,0.0,478028353.6784,"Disbursement June, 2024.xlsx"
NASSARAWA,6,2024,415001646.0151,2188011882.5808,4265590538.1208,1585030803.8842,0.0,77546205.6407,"Disbursement June, 2024.xlsx"
NIGER,6,2024,768136034.7365,4348354900.5978,8251026881.60745,2933769753.2565,0.0,145237606.1967,"Disbursement June, 2024.xlsx"
OGUN,6,2024,547985469.8808,3501956296.1658,6373680177.3452,2092940734.5301,0.0,151569890.636,"Disbursement June, 2024.xlsx"
ONDO,6,2024,523360786.249,3154236995.617,5834982782.72435,1998890789.2664,0.0,120660437.9593,"Disbursement June, 2024.xlsx"
OSUN,6,2024,708905417.219,4377903841.9307,8058364360.1357,2707548112.452,0.0,161513382.6442,"Disbursement June, 2024.xlsx"
OYO,6,2024,894228871.9497,7240958885.0244,11920894346.2214,3415360689.223,0.0,241058213.1892,"Disbursement June, 2024.xlsx"
PLATEAU,6,2024,560561688.6088,3057114149.867,5909522974.0811,2140973541.8019,0.0,110350565.3472,"Disbursement June, 2024.xlsx"
RIVERS,6,2024,694847288.8327,8785902975.1153,12370117964.5236,2653855393.9987,0.0,185281766.3344,"Disbursement June, 2024.xlsx"
SOKOTO,6,2024,699818765.4929,3783928211.2647,7387964644.577,2672843134.7057,0.0,130194676.1078,"Disbursement June, 2024.xlsx"
TARABA,6,2024,524516506.0239,2677922665.9476,5293022269.6775,2003304871.6224,0.0,87278226.0836,"Disbursement June, 2024.xlsx"
YOBE,6,2024,527355379.5525,2746995555.4587,5455600702.8859,2014147484.0187,0.0,90857197.9486,"Disbursement June, 2024.xlsx"
ZAMFARA,6,2024,476500838.1503,2686035915.0814,5141629623.5104,1819916893.8173,0.0,90283444.5025,"Disbursement June, 2024.xlsx"
FCT-ABUJA,6,2024,210455783.0823,2473462847.4605,3619675919.0632,803801387.8843,0.0,101528185.507,"Disbursement June, 2024.xlsx"
ABIA,3,2021,1410359072.8429124,902572073.9154,2163302718.344,,-226311255.4296,,"Disbursement March, 2021.xlsx"
ADAMAWA,3,2021,1778965550.883398,1048802870.393,2644931839.1863,,-279560962.5866,,"Disbursement March, 2021.xlsx"
AKWA IBOM,3,2021,2369477576.8640776,1478033127.908,3563656665.3030996,,-412685230.4949,,"Disbursement March, 2021.xlsx"
ANAMBRA,3,2021,1788579269.3256311,1210678418.1429,2816943814.1759,,-279560962.5924,,"Disbursement March, 2021.xlsx"
BAUCHI,3,2021,2030391408.2196116,1186634389.3097,3061171952.0791,,-266248535.7968,,"Disbursement March, 2021.xlsx"
BAYELSA,3,2021,826443622.2380582,569544491.1335,1334423378.8397,,-106499414.319,,"Disbursement March, 2021.xlsx"
BENUE,3,2021,2209380093.2521358,1240368217.6552,3263689003.4837995,,-306185816.1711,,"Disbursement March, 2021.xlsx"
BORNO,3,2021,2398724682.8628154,1362628018.8761,3532338567.8538003,,-359435523.331,,"Disbursement March, 2021.xlsx"
CROSS RIVER,3,2021,1546382253.03466,921199977.249,2312037110.1003,,-239623682.2244,,"Disbursement March, 2021.xlsx"
DELTA,3,2021,1981467072.0805826,1425708866.7349,3182099887.6205997,,-332810669.7473,,"Disbursement March, 2021.xlsx"
EBONYI,3,2021,1143913930.5342717,742726099.6856,1763992070.0205998,,-184843861.7553,,"Disbursement March, 2021.xlsx"
EDO,3,2021,1516090503.2968934,1104910247.1712,2463808633.3969,,-239623682.2201,,"Disbursement March, 2021.xlsx"
EKITI,3,2021,1203830839.653592,810922245.8891,1867207908.9476998,,-212998828.6446,,"Disbursement March, 2021.xlsx"
ENUGU,3,2021,1540370491.0703883,982708113.0897,2380519044.436,,-226311255.4262,,"Disbursement March, 2021.xlsx"
GOMBE,3,2021,1055462936.3171843,666806647.0793,1633219609.1082997,,-146436694.6877,,"Disbursement March, 2021.xlsx"
IMO,3,2021,2064439110.5885437,1331513046.1946,3148762535.9157,,-359435523.4251,,"Disbursement March, 2021.xlsx"
JIGAWA,3,2021,2168887659.1884465,1400463487.4859,3327840512.3777,,-359435523.3323,,"Disbursement March, 2021.xlsx"
KADUNA,3,2021,2439119544.809612,1494106058.0449,3759657490.7276,,-306185816.1712,,"Disbursement March, 2021.xlsx"
KANO,3,2021,3883287361.855631,2749689149.6446,6258368483.6742,,-585746778.7617,,"Disbursement March, 2021.xlsx"
KATSINA,3,2021,2956412767.690777,1790782342.959,4455316124.757501,,-452622510.863,,"Disbursement March, 2021.xlsx"
KEBBI,3,2021,1865813795.2049515,1065398038.0233,2753097288.9521,,-279560962.5923,,"Disbursement March, 2021.xlsx"
KOGI,3,2021,1928455225.4337864,1156578084.8941,2910324651.8855,,-279560962.5854,,"Disbursement March, 2021.xlsx"
KWARA,3,2021,1364584067.8829126,819571407.1409,2045350634.3119001,,-212998828.6384,,"Disbursement March, 2021.xlsx"
LAGOS,3,2021,2324563758.00301,5518264144.4,7702968542.2234,,-266248535.7997,,"Disbursement March, 2021.xlsx"
NASSARAWA,3,2021,1217444180.5836892,648375637.2224,1758952094.4357998,,-173061548.2678,,"Disbursement March, 2021.xlsx"
NIGER,3,2021,2253395268.1060195,1276868937.2912,3319973199.5122,,-332810669.7482,,"Disbursement March, 2021.xlsx"
OGUN,3,2021,1607564036.8100972,1134059020.0688,2562779606.3048,,-266248535.7984,,"Disbursement March, 2021.xlsx"
ONDO,3,2021,1535325340.713301,1039767539.3336,2418946582.9671,,-239623682.2212,,"Disbursement March, 2021.xlsx"
OSUN,3,2021,2079636991.9605825,1378287541.0551,3171623958.061,,-399372803.7035,,"Disbursement March, 2021.xlsx"
OYO,3,2021,2623299803.0694175,2323185046.089,4649806559.269001,,-439310084.0715,,"Disbursement March, 2021.xlsx"
PLATEAU,3,2021,1644457491.2126212,945384714.0757,2452941974.1595,,-226311255.4252,,"Disbursement March, 2021.xlsx"
RIVERS,3,2021,2038396223.9830098,2610091860.3268,4453132189.4146,,-306185816.1747,,"Disbursement March, 2021.xlsx"
SOKOTO,3,2021,2052980492.2313592,1213391566.9873,3071809127.5972,,-306185816.1684,,"Disbursement March, 2021.xlsx"
TARABA,3,2021,1538715747.2996116,797959793.4716,2207338437.5167,,-212998828.6435,,"Disbursement March, 2021.xlsx"
YOBE,3,2021,1547043834.8873787,888021375.0695,2292868487.5323,,-226311255.4312,,"Disbursement March, 2021.xlsx"
ZAMFARA,3,2021,1397857521.8185437,827397392.8248,2114884043.0354,,-186373975.0625,,"Disbursement March, 2021.xlsx"
FCT-ABUJA,3,2021,617390728.0707767,3146432424.8876,3717516828.3646,,-79874560.7359,,"Disbursement March, 2021.xlsx"
ABIA,3,2022,1302166241.3016505,1002976716.054,2693270076.4593754,,-0.0001,,"Disbursement March, 2022.xlsx"
ADAMAWA,3,2022,1642495822.0955338,1253031777.441,3416602567.4255,,0.0001,,"Disbursement March, 2022.xlsx"
AKWA IBOM,3,2022,2187707917.455922,1694116687.2241,4533898621.399461,,-0.0001,,"Disbursement March, 2022.xlsx"
ANAMBRA,3,2022,1651372043.6549516,1411201544.4627,3586464500.3771996,,0.0001,,"Disbursement March, 2022.xlsx"
BAUCHI,3,2022,1874634055.4842718,1394538309.9508,3863892222.3262997,,0.0,,"Disbursement March, 2022.xlsx"
BAYELSA,3,2022,763044678.4365048,587607866.6312,1578087663.0945525,,-0.0001,,"Disbursement March, 2022.xlsx"
BENUE,3,2022,2039891987.10767,1414054397.2568,3922423494.824235,,-139538498.52,,"Disbursement March, 2022.xlsx"
BORNO,3,2022,2214711391.124272,1557076760.3217,4474396128.5688,,-0.0001,,"Disbursement March, 2022.xlsx"
CROSS RIVER,3,2022,1427754679.5161164,1058454364.1367,2873218119.1182084,,-38551266.1799,,"Disbursement March, 2022.xlsx"
DELTA,3,2022,1829462850.4167962,1646617838.0134,4021375231.5405483,,0.0,,"Disbursement March, 2022.xlsx"
EBONYI,3,2022,1056160896.8797086,816169146.7109,2165752607.4572997,,-41640087.7481,,"Disbursement March, 2022.xlsx"
EDO,3,2022,1399786699.831068,1185675113.5324,3002685944.8941336,,0.0001,,"Disbursement March, 2022.xlsx"
EKITI,3,2022,1111481402.0197089,940128166.7859,2404222420.5843,,0.0,,"Disbursement March, 2022.xlsx"
ENUGU,3,2022,1422204097.6601942,1120428106.7353,2993820538.9637003,,-0.0001,,"Disbursement March, 2022.xlsx"
GOMBE,3,2022,974495241.0217476,798838462.0891,2028504707.6517,,-53983557.43,,"Disbursement March, 2022.xlsx"
IMO,3,2022,1906069857.5237865,1547689024.5439,4021887112.6358933,,0.0,,"Disbursement March, 2022.xlsx"
JIGAWA,3,2022,2002505847.8745632,1600454242.947,4238246741.9864,,0.0002,,"Disbursement March, 2022.xlsx"
KADUNA,3,2022,2252007443.287573,1672090891.7881,4638538329.6234,,0.0,,"Disbursement March, 2022.xlsx"
KANO,3,2022,3585388859.6533012,3188605257.6329,7398779375.167601,,-512664445.0404,,"Disbursement March, 2022.xlsx"
KATSINA,3,2022,2729617567.3050485,2036697054.9354,5632274442.0952,,-0.0004,,"Disbursement March, 2022.xlsx"
KEBBI,3,2022,1722681679.7608738,1207539588.0183,3443688332.3250875,,-0.0001,,"Disbursement March, 2022.xlsx"
KOGI,3,2022,1780517699.9070873,1270095006.0711,3394175529.1129436,,-187142998.7701,,"Disbursement March, 2022.xlsx"
KWARA,3,2022,1259902772.868738,943514314.347,2578947044.953619,,-0.0002,,"Disbursement March, 2022.xlsx"
LAGOS,3,2022,2146239570.9793203,6903153042.709,9730278190.675,,0.0,,"Disbursement March, 2022.xlsx"
NASSARAWA,3,2022,1124050423.1518447,767233204.248,2208645821.6104,,-39238127.2399,,"Disbursement March, 2022.xlsx"
NIGER,3,2022,2080530627.2263107,1484474753.4816,4185133850.412505,,-0.0003,,"Disbursement March, 2022.xlsx"
OGUN,3,2022,1484243027.02233,1276781869.116,3116117872.6081,,-115776950.4,,"Disbursement March, 2022.xlsx"
ONDO,3,2022,1417545975.7648544,1148500491.5587,2941386848.8590775,,-47177126.82,,"Disbursement March, 2022.xlsx"
OSUN,3,2022,1920101864.296602,1556443562.1116,4003661111.4301,,-82028645.1001,,"Disbursement March, 2022.xlsx"
OYO,3,2022,2422058687.1429124,2596017042.5326,5702775192.5774,,-83688581.46,,"Disbursement March, 2022.xlsx"
PLATEAU,3,2022,1518306275.0088348,1068339407.6083,3039196072.6620674,,0.0001,,"Disbursement March, 2022.xlsx"
RIVERS,3,2022,1882024798.0658255,2684387307.9526,5127373402.470512,,0.0001,,"Disbursement March, 2022.xlsx"
SOKOTO,3,2022,1895490263.7992234,1377418319.2023,3838255947.0555,,-35989038.17,,"Disbursement March, 2022.xlsx"
TARABA,3,2022,1420676294.1965048,966796924.0642,2838176863.5378,,0.0001,,"Disbursement March, 2022.xlsx"
YOBE,3,2022,1428365509.4609709,970066940.7276,2851575467.0299997,,0.0001,,"Disbursement March, 2022.xlsx"
ZAMFARA,3,2022,1290623721.371068,965582727.898,2665651456.7447,,0.0,,"Disbursement March, 2022.xlsx"
FCT-ABUJA,3,2022,570028852.4154369,2859486783.551,3610354918.4618,,-0.0001,,"Disbursement March, 2022.xlsx"
ABIA,3,2023,1408044366.14282,1356117339.5689,3313346041.79272,,0.0,88174027.1654,"Disbursement March, 2023.xlsx"
ADAMAWA,3,2023,1776045880.59641,1684330180.0658,4139368671.9605093,,-29166666.6901,91820384.0831,"Disbursement March, 2023.xlsx"
AKWA IBOM,3,2023,2365588747.60932,2351628724.7075,5617906672.28302,,0.0,126167582.9456,"Disbursement March, 2023.xlsx"
ANAMBRA,3,2023,1785643820.83068,1867436532.1626,4400984438.243681,,0.0,128234430.6188,"Disbursement March, 2023.xlsx"
BAUCHI,3,2023,2027059093.28903,1820730727.5315,4652381799.62423,,0.0,101144295.8989,"Disbursement March, 2023.xlsx"
BAYELSA,3,2023,825087248.087573,747326930.711,1884241396.862073,,0.0,41683935.4588,"Disbursement March, 2023.xlsx"
BENUE,3,2023,2205754018.86971,1932157852.3558,4826931770.90876,,-139538498.5199,106368553.8481,"Disbursement March, 2023.xlsx"
BORNO,3,2023,2394787852.73116,2427658357.6631,5770617786.04916,,0.0,117111459.2385,"Disbursement March, 2023.xlsx"
CROSS RIVER,3,2023,1543844302.64291,1423387546.4736,3516452402.28946,,-38551266.1799,82299011.8248,"Disbursement March, 2023.xlsx"
DELTA,3,2023,1978215052.65117,2007586752.2918,4775148716.95757,,0.0,141656005.0713,"Disbursement March, 2023.xlsx"
EBONYI,3,2023,1142036518.39874,1154603968.9883,2709053643.29324,,-42524606.6493,58618313.6949,"Disbursement March, 2023.xlsx"
EDO,3,2023,1513602268.27,1690868487.8468,3808313076.3049498,,0.0,108271110.8934,"Disbursement March, 2023.xlsx"
EKITI,3,2023,1201855090.80806,1250047752.8679,2940194972.24246,,0.0,71213918.259,"Disbursement March, 2023.xlsx"
ENUGU,3,2023,1537842407.29058,1470476507.1821,3635304370.53298,,0.0,93310003.9421,"Disbursement March, 2023.xlsx"
GOMBE,3,2023,1053730691.54544,983726087.9205,2404144691.56394,,-53983557.4298,54996677.0034,"Disbursement March, 2023.xlsx"
IMO,3,2023,2061050915.95631,2048806229.1849,4908794269.908409,,0.0,124124780.5668,"Disbursement March, 2023.xlsx"
JIGAWA,3,2023,2165328041.71767,2170810131.3895,5201084918.10367,,0.0,113515768.6037,"Disbursement March, 2023.xlsx"
KADUNA,3,2023,2435116417.9034,2259818617.8677,5678067135.3979,,0.0,138076813.6468,"Disbursement March, 2023.xlsx"
KANO,3,2023,3876914040.73049,4151255853.9506,9093950628.13479,,-512664445.0403,233044737.134,"Disbursement March, 2023.xlsx"
KATSINA,3,2023,2951560649.83505,2825192556.932,6951311385.67965,,0.0,150281922.2639,"Disbursement March, 2023.xlsx"
KEBBI,3,2023,1862751588.01563,1627806173.4722,4190172898.86873,,0.0,89728328.6465,"Disbursement March, 2023.xlsx"
KOGI,3,2023,1925290210.00175,1743035155.3879,4204981493.1670504,,-187142998.7699,93436436.4173,"Disbursement March, 2023.xlsx"
KWARA,3,2023,1362344487.94534,1331676597.3563,3217110833.82024,,0.0,77042117.962,"Disbursement March, 2023.xlsx"
LAGOS,3,2023,2320748642.11631,9389855980.9454,12859293475.195412,,0.0,343322466.7599,"Disbursement March, 2023.xlsx"
NASSARAWA,3,2023,1215446089.27806,1002399343.9213,2660443441.53156,,-39238127.2401,60041458.7279,"Disbursement March, 2023.xlsx"
NIGER,3,2023,2249696955.22641,1978699313.0038,5078775801.93486,,0.0,113802254.4419,"Disbursement March, 2023.xlsx"
OGUN,3,2023,1604925673.7734,1719358782.1289,3885951409.5445,,-115776950.4001,120488633.1337,"Disbursement March, 2023.xlsx"
ONDO,3,2023,1532805537.12505,1546889379.8969,3627345363.68405,,-47177126.82,92968987.7951,"Disbursement March, 2023.xlsx"
OSUN,3,2023,2076223854.29165,2123838628.6059,4963509041.07395,,-82028645.0999,124965937.2523,"Disbursement March, 2023.xlsx"
OYO,3,2023,2618994396.20806,3840233644.2432,7456963779.295059,,-83688581.4601,172558098.4691,"Disbursement March, 2023.xlsx"
PLATEAU,3,2023,1641758577.97447,1591864744.0993,3856446629.9769697,,0.0,85292213.4324,"Disbursement March, 2023.xlsx"
RIVERS,3,2023,2035050771.40495,5184927998.7467,8028179690.9669,,0.0,141901330.1614,"Disbursement March, 2023.xlsx"
SOKOTO,3,2023,2049611103.68971,1821331453.9935,4647040477.69251,,-35989038.17,100813080.4122,"Disbursement March, 2023.xlsx"
TARABA,3,2023,1536190379.31505,1291544388.2748,3428808066.79305,,0.0,67971148.2065,"Disbursement March, 2023.xlsx"
YOBE,3,2023,1544504798.69563,1260209749.0012,3411218175.5736303,,0.0,70516134.7271,"Disbursement March, 2023.xlsx"
ZAMFARA,3,2023,1395563332.88951,1272624588.2368,3222543676.70551,,0.0,70055225.7536,"Disbursement March, 2023.xlsx"
FCT-ABUJA,3,2023,616377455.293592,2131017359.8028,3041969760.371792,,0.0,80674277.9703,"Disbursement March, 2023.xlsx"
ABIA,3,2024,57929874.501,2605480591.6134,5006978618.3858,2194317975.6616,0.0,115466458.8548,"Disbursement March, 2024.xlsx"
ADAMAWA,3,2024,73070222.3995,3272537215.0408,6316704485.1813,2767817190.3548,0.0,118053235.0062,"Disbursement March, 2024.xlsx"
AKWA IBOM,3,2024,97325242.4292,4722900166.2414,8727002477.7147,3686569852.9959,0.0,163448789.6182,"Disbursement March, 2024.xlsx"
ANAMBRA,3,2024,73465101.6249,3510554252.6701,6619955995.4229,2782774767.8941,0.0,167474677.1438,"Disbursement March, 2024.xlsx"
BAUCHI,3,2024,83397428.1685,3519892261.8203,6989179964.5742,3159000037.9872,0.0,129618312.6082,"Disbursement March, 2024.xlsx"
BAYELSA,3,2024,33945805.887,1406635831.7977,2799638099.5818,1285828645.3911,0.0,53431199.736,"Disbursement March, 2024.xlsx"
BENUE,3,2024,90749309.1622,3638146724.8555,7357146222.0111,3437480955.7686,0.0,137845778.2498,"Disbursement March, 2024.xlsx"
BORNO,3,2024,98526554.3573,4171987713.5033,8269827801.8309,3732074187.0793,0.0,152321324.651,"Disbursement March, 2024.xlsx"
CROSS RIVER,3,2024,63516966.4127,2741472350.8425,5353913196.6698,2405950683.3526,0.0,105931181.317,"Disbursement March, 2024.xlsx"
DELTA,3,2024,81387882.7283,4170789193.8704,7563849516.9252,3082880734.5382,0.0,181327676.5283,"Disbursement March, 2024.xlsx"
EBONYI,3,2024,46985758.2468,2127291200.8168,4084963652.716,1779767258.3631,-483953.3101,76600798.0994,"Disbursement March, 2024.xlsx"
EDO,3,2024,62272746.1973,3123764493.5392,5723644279.5143,2358821032.2985,0.0,142469600.7993,"Disbursement March, 2024.xlsx"
EKITI,3,2024,49446818.7672,2444497312.4717,4516524404.5145,1872989440.7553,0.0,91917744.7403,"Disbursement March, 2024.xlsx"
ENUGU,3,2024,63270035.9478,2791184777.9594,5445655921.1255,2396597237.4131,0.0,120807851.6052,"Disbursement March, 2024.xlsx"
GOMBE,3,2024,43352672.8266,1929875693.1495,3736407639.0968,1642150100.9226,0.0,70464088.9881,"Disbursement March, 2024.xlsx"
IMO,3,2024,84795922.4785,3904805182.5679,7412377796.131,3211973416.7368,0.0,161351734.2628,"Disbursement March, 2024.xlsx"
JIGAWA,3,2024,89086100.3661,4091800183.9757,7806332224.5562,3374480491.8053,0.0,147058450.6491,"Disbursement March, 2024.xlsx"
KADUNA,3,2024,100185755.4296,4374510627.7991,8564268509.598,3794922842.7168,0.0,177796025.7125,"Disbursement March, 2024.xlsx"
KANO,3,2024,159504309.1363,7775367861.5287,13949478315.3078,6041842412.2343,-512664445.0399,299387775.8084,"Disbursement March, 2024.xlsx"
KATSINA,3,2024,121433345.5303,5284805428.4244,10342576384.2613,4599757469.2407,0.0,194944416.6159,"Disbursement March, 2024.xlsx"
KEBBI,3,2024,76637475.58,3117632796.9124,6257428112.2354,2902940697.0836,0.0,115523470.0694,"Disbursement March, 2024.xlsx"
KOGI,3,2024,79210444.5936,3163547232.2111,6410397858.9681,3000401846.5301,0.0,121044151.2633,"Disbursement March, 2024.xlsx"
KWARA,3,2024,56049686.4465,2513436728.9467,4823428205.2874,2123098583.2721,0.0,98155982.5771,"Disbursement March, 2024.xlsx"
LAGOS,3,2024,95480427.197,21667462869.9312,25960616119.0928,3616690343.5991,0.0,469617355.2355,"Disbursement March, 2024.xlsx"
NASSARAWA,3,2024,50005980.7175,1986538041.9758,4067137387.4269,1894169861.6047,0.0,78098227.8589,"Disbursement March, 2024.xlsx"
NIGER,3,2024,92557212.9867,3855451231.2753,7653646226.5334,3505962302.9971,0.0,145697686.5343,"Disbursement March, 2024.xlsx"
OGUN,3,2024,66029981.0947,3299107565.7712,6095016476.2531,2501140830.6751,0.0,151722974.3621,"Disbursement March, 2024.xlsx"
ONDO,3,2024,63062808.6309,2945376341.147,5553842836.921,2388747701.5525,0.0,119878827.9356,"Disbursement March, 2024.xlsx"
OSUN,3,2024,85420168.7246,4062389477.6114,7644440919.0414,3235619156.9802,0.0,161380935.9552,"Disbursement March, 2024.xlsx"
OYO,3,2024,107750877.992,6726253886.3144,11277908136.9539,4081481109.5042,0.0,236745303.5133,"Disbursement March, 2024.xlsx"
PLATEAU,3,2024,67545363.3993,2772488089.8886,5548470621.6025,2558541794.5422,0.0,110504066.4024,"Disbursement March, 2024.xlsx"
RIVERS,3,2024,83726222.4396,8229762446.4093,11718874626.0524,3171454391.9596,0.0,185103856.0289,"Disbursement March, 2024.xlsx"
SOKOTO,3,2024,84325264.8021,3567664503.4582,7075538112.0232,3194145437.5204,0.0,131048785.1725,"Disbursement March, 2024.xlsx"
TARABA,3,2024,63202068.084,2757194740.802,5375972982.4556,2394022691.631,0.0,87836739.1486,"Disbursement March, 2024.xlsx"
YOBE,3,2024,63544140.5899,2532743334.2134,5168332983.5473,2406980010.55,0.0,90949773.654,"Disbursement March, 2024.xlsx"
ZAMFARA,3,2024,57416378.8373,2456504175.6986,4846549953.4203,2174867341.6606,0.0,90793545.6138,"Disbursement March, 2024.xlsx"
FCT-ABUJA,3,2024,25359050.8213,2820289743.8041,3938852874.4402,960572097.3469,0.0,103054048.0279,"Disbursement March, 2024.xlsx"
ABIA,5,2021,1634932606.469,992517977.5857999,2659300938.6404,8283246.907899999,-113650837.46,,"Disbursement May, 2021.xlsx"
ADAMAWA,5,2021,2062232831.9993002,1222941508.1918,3328310999.245,10448127.1348,-140392210.98,,"Disbursement May, 2021.xlsx"
AKWA IBOM,5,2021,2746772949.7453003,1795768007.4123003,4579744987.016701,13916291.382900001,-207245644.78,,"Disbursement May, 2021.xlsx"
ANAMBRA,5,2021,2073377356.8605995,1377788678.3847997,3495294504.310299,10504589.921500005,-140392210.98,,"Disbursement May, 2021.xlsx"
BAUCHI,5,2021,2353693595.5619,1362966499.5271,3792420713.1019,11924788.287899997,-133706867.6,,"Disbursement May, 2021.xlsx"
BAYELSA,5,2021,958039446.424,639504998.87,1629322632.8465,4853825.320299999,-53482747.04,,"Disbursement May, 2021.xlsx"
BENUE,5,2021,2561182910.151,1396999618.9038002,3991734482.404501,12976015.2424,-153762897.74,,"Disbursement May, 2021.xlsx"
BORNO,5,2021,2780677115.1186,1542930799.0077996,4390570624.526499,14088063.951000009,-180504271.26,,"Disbursement May, 2021.xlsx"
CROSS RIVER,5,2021,1792614956.1720996,1077561501.6371999,2909374445.6632996,9082131.112799998,-120336180.84,,"Disbursement May, 2021.xlsx"
DELTA,5,2021,2296978965.9737997,1690253864.947,4024519400.9769,11637448.444000002,-167133584.5,,"Disbursement May, 2021.xlsx"
EBONYI,5,2021,1326061015.2669,808066663.8858999,2151572883.7152,6718375.277900001,-100567892.3973,,"Disbursement May, 2021.xlsx"
EDO,5,2021,1757499806.9127,1197088693.4355,2990661406.7592,8904223.1976,-120336180.84,,"Disbursement May, 2021.xlsx"
EKITI,5,2021,1395518581.2753003,950112945.8475999,2362860521.1542006,7070276.124699999,-106965494.08,,"Disbursement May, 2021.xlsx"
ENUGU,5,2021,1785645932.5763001,1095747888.7531,2926656940.3866,9046823.148200005,-113650837.46,,"Disbursement May, 2021.xlsx"
GOMBE,5,2021,1223525840.1438003,736111367.8995,1994986386.2434,6198889.5396,-73538777.18,,"Disbursement May, 2021.xlsx"
IMO,5,2021,2393162763.2733,1494619870.2268999,3920258418.0444994,12124755.467299998,-180504271.26,,"Disbursement May, 2021.xlsx"
JIGAWA,5,2021,2514242806.7114005,1558200841.9276998,4115694978.622201,12738197.202999996,-180504271.26,,"Disbursement May, 2021.xlsx"
KADUNA,5,2021,2827504109.8916,1848413681.9678998,4773789254.610399,14325308.934600005,-153762897.74,,"Disbursement May, 2021.xlsx"
KANO,5,2021,4501628876.2476,2968201637.8649993,7063634423.9282,22807119.585500002,-806819553.759999,,"Disbursement May, 2021.xlsx"
KATSINA,5,2021,3427166687.655201,2000308075.9427001,5505174552.073101,17363448.349900007,-227301674.92,,"Disbursement May, 2021.xlsx"
KEBBI,5,2021,2162910049.0217,1201882017.7617,3382586595.3075,10958199.686300006,-140392210.98,,"Disbursement May, 2021.xlsx"
KOGI,5,2021,2235525965.6124,1222570632.8929002,3481201969.2613,11326102.0479,-140392210.98,,"Disbursement May, 2021.xlsx"
KWARA,5,2021,1581868780.6597002,928486288.2139,2519081238.5631003,8014403.5507000005,-106965494.08,,"Disbursement May, 2021.xlsx"
LAGOS,5,2021,2694707437.9541006,6666579762.768499,9467396422.8325,13652505.898,-133706867.6,,"Disbursement May, 2021.xlsx"
NASSARAWA,5,2021,1411299594.351,729518830.7770001,2179507885.0549,7150229.2844,-86909463.94,,"Disbursement May, 2021.xlsx"
NIGER,5,2021,2612206685.5385995,1474918064.2719002,4111037695.3809996,13234522.8573,-167133584.5,,"Disbursement May, 2021.xlsx"
OGUN,5,2021,1863538804.6749997,1373279333.7404,3268957321.7997,9441460.755300004,-133706867.6,,"Disbursement May, 2021.xlsx"
ONDO,5,2021,1779797435.5639002,1125392468.0740001,2943247191.4446006,9017192.2355,-120336180.84,,"Disbursement May, 2021.xlsx"
OSUN,5,2021,2410780625.4772997,1548494466.1171,3973262750.8064995,12214014.866700001,-200560301.4,,"Disbursement May, 2021.xlsx"
OYO,5,2021,3041011659.4897,2584549970.9166,5675580811.2725,15407026.763700003,-220616331.54,,"Disbursement May, 2021.xlsx"
PLATEAU,5,2021,1906306857.6691003,1046604595.7278,2978680405.5863004,9658141.455899997,-113650837.46,,"Disbursement May, 2021.xlsx"
RIVERS,5,2021,2362973029.8225994,2389534554.8015995,4809038000.870799,11971801.751900006,-153762897.74,,"Disbursement May, 2021.xlsx"
SOKOTO,5,2021,2379879572.3905997,1341352223.1787,3779266812.4290996,12057457.311,-153762897.74,,"Disbursement May, 2021.xlsx"
TARABA,5,2021,1783727701.5396001,916200506.2045001,2751705958.8236003,9037104.593399998,-106965494.08,,"Disbursement May, 2021.xlsx"
YOBE,5,2021,1793381882.6691003,963964446.1350001,2803297910.2224,9086016.680600002,-113650837.46,,"Disbursement May, 2021.xlsx"
ZAMFARA,5,2021,1620440415.2286003,930934684.5780001,2601991748.5163,8209823.454299999,-93594807.32,,"Disbursement May, 2021.xlsx"
FCT-ABUJA,5,2021,715698754.8001,3318709931.5189004,4057990395.2710004,3626026.8307000003,-40112060.28,,"Disbursement May, 2021.xlsx"
ABIA,5,2022,1713227225.083204,1057648106.06,2918307386.287404,,0.0,,"Disbursement May, 2022.xlsx"
ADAMAWA,5,2022,2160990256.2726216,1292099353.8614,3673738046.3802214,,0.0,,"Disbursement May, 2022.xlsx"
AKWA IBOM,5,2022,2878312035.619223,1713329743.897,4839335402.722524,,0.0,,"Disbursement May, 2022.xlsx"
ANAMBRA,5,2022,2172668476.7246604,1356482199.8877,3750991520.4003606,,0.0,,"Disbursement May, 2022.xlsx"
BAUCHI,5,2022,2466408665.08233,1424650406.5317,4142892328.8504295,,0.0,,"Disbursement May, 2022.xlsx"
BAYELSA,5,2022,1003918605.4662136,1002654519.6762,2092965508.4960637,,0.0,,"Disbursement May, 2022.xlsx"
BENUE,5,2022,2683834350.5580583,1408723401.8636,4183977067.4221582,,-139538498.5199,,"Disbursement May, 2022.xlsx"
BORNO,5,2022,2913839823.695631,1572658683.1172,4784016831.43383,,0.0,,"Disbursement May, 2022.xlsx"
CROSS RIVER,5,2022,1878460760.3113592,1058262696.3401,3059823445.101259,,-38551266.18,,"Disbursement May, 2022.xlsx"
DELTA,5,2022,2406978051.8037868,1506065873.177,4120176823.447837,,0.0,,"Disbursement May, 2022.xlsx"
EBONYI,5,2022,1389564208.633204,835693662.8904,2322065521.4997044,,-45074141.859,,"Disbursement May, 2022.xlsx"
EDO,5,2022,1841663996.0369904,1262119200.7232,3262267899.69139,,0.0,,"Disbursement May, 2022.xlsx"
EKITI,5,2022,1462347999.6000001,911973489.9176,2523634888.0496006,,0.0,,"Disbursement May, 2022.xlsx"
ENUGU,5,2022,1871157999.9961166,1136969880.9135,3199182924.0635166,,0.0,,"Disbursement May, 2022.xlsx"
GOMBE,5,2022,1282118768.4637864,846187681.3535,2205233941.3943863,,-53983557.43,,"Disbursement May, 2022.xlsx"
IMO,5,2022,2507767955.6157284,1665352168.0069,4388926514.105028,,0.0,,"Disbursement May, 2022.xlsx"
JIGAWA,5,2022,2634646351.711457,1627772635.4873,4531430194.388756,,0.0,,"Disbursement May, 2022.xlsx"
KADUNA,5,2022,2962909297.2601943,1807174202.2644,5072612074.690794,,0.0,,"Disbursement May, 2022.xlsx"
KANO,5,2022,4717205539.539321,3120966690.1204,7807159204.716822,,-512664445.0403,,"Disbursement May, 2022.xlsx"
KATSINA,5,2022,3591288870.8424273,2065298532.2651,6023276827.623928,,0.0,,"Disbursement May, 2022.xlsx"
KEBBI,5,2022,2266488763.345825,1203345043.8031,3664876876.420825,,0.0,,"Disbursement May, 2022.xlsx"
KOGI,5,2022,2342582153.8537865,1302910957.2991,3659941411.090486,,-187142998.7701,,"Disbursement May, 2022.xlsx"
KWARA,5,2022,1657622247.4321358,968157841.1204,2768427048.053336,,0.0,,"Disbursement May, 2022.xlsx"
LAGOS,5,2022,2823753179.837864,6995533945.3446,10107607131.099363,,0.0,,"Disbursement May, 2022.xlsx"
NASSARAWA,5,2022,1478884743.153398,754328198.9723,2344976701.644398,,-39238127.24,,"Disbursement May, 2022.xlsx"
NIGER,5,2022,2737301582.6470876,1470216294.3886,4443076822.148588,,0.0,,"Disbursement May, 2022.xlsx"
OGUN,5,2022,1952781051.9747572,1300203609.7024,3336596896.025857,,-115776950.4003,,"Disbursement May, 2022.xlsx"
ONDO,5,2022,1865029426.703592,1153648720.8197,3131996439.674892,,-47177126.82,,"Disbursement May, 2022.xlsx"
OSUN,5,2022,2526229512.4147573,1572188030.8201,4274330177.552458,,-82028645.1,,"Disbursement May, 2022.xlsx"
OYO,5,2022,3186641422.539029,2761506950.251,6189832589.619329,,-83688581.4597,,"Disbursement May, 2022.xlsx"
PLATEAU,5,2022,1997597206.7590292,1086853005.648,3256353773.8441286,,0.0,,"Disbursement May, 2022.xlsx"
RIVERS,5,2022,2476132478.373689,2655441278.4887,5344657751.063789,,0.0,,"Disbursement May, 2022.xlsx"
SOKOTO,5,2022,2493848651.4402914,1389301126.0534,4101795763.047891,,-35989038.1701,,"Disbursement May, 2022.xlsx"
TARABA,5,2022,1869147907.5783496,919385381.7253,2979383091.4821496,,0.0,,"Disbursement May, 2022.xlsx"
YOBE,5,2022,1879264413.8373787,960349723.891,3031496888.241479,,0.0,,"Disbursement May, 2022.xlsx"
ZAMFARA,5,2022,1698041023.2268932,945591680.4788,2817011595.798293,,0.0,,"Disbursement May, 2022.xlsx"
FCT-ABUJA,5,2022,749972559.6212621,2171629800.309,2998178490.723762,,0.0,,"Disbursement May, 2022.xlsx"
ABIA,5,2023,1363369420.5864,1215463510.3455,4174994617.89915,,0.0,,"Disbursement May, 2023.xlsx"
ADAMAWA,5,2023,1719694848.6761,1588999558.5902,5172143303.6277,,-29166666.6901,,"Disbursement May, 2023.xlsx"
AKWA IBOM,5,2023,2290532484.4335,2148480445.1674,6939004784.670898,,0.0001,,"Disbursement May, 2023.xlsx"
ANAMBRA,5,2023,1728988261.9598,1734404605.635,5659136129.5147,,0.0,,"Disbursement May, 2023.xlsx"
BAUCHI,5,2023,1962743822.5417,1641824156.7161,5734068303.349099,,0.0,,"Disbursement May, 2023.xlsx"
BAYELSA,5,2023,798908578.7402,1155735902.5451,2803215198.33455,,0.0,,"Disbursement May, 2023.xlsx"
BENUE,5,2023,2135769050.3033,1723519892.4161,5965610299.17585,,-139538498.5203,,"Disbursement May, 2023.xlsx"
BORNO,5,2023,2318805149.6909,1889208781.4707,6706101139.4779005,,0.0001,,"Disbursement May, 2023.xlsx"
CROSS RIVER,5,2023,1494860647.1369,1277753335.6086,4365545198.44755,,-38551266.1799,,"Disbursement May, 2023.xlsx"
DELTA,5,2023,1915449523.4529,1979848614.7587,6270750886.828051,,-0.0003,,"Disbursement May, 2023.xlsx"
EBONYI,5,2023,1105801566.923,1018929964.7569,3300389460.4054995,,-42151386.6491,,"Disbursement May, 2023.xlsx"
EDO,5,2023,1465578143.0684,1401522969.1129,4704922648.455899,,0.0001,,"Disbursement May, 2023.xlsx"
EKITI,5,2023,1163722193.834,1201268416.798,3722913228.5720005,,0.0002,,"Disbursement May, 2023.xlsx"
ENUGU,5,2023,1489049182.1108,1355118108.3915,4597272188.0422,,0.0003,,"Disbursement May, 2023.xlsx"
GOMBE,5,2023,1020297539.574,888972746.1392,2977716492.8204,,-53983557.43,,"Disbursement May, 2023.xlsx"
IMO,5,2023,1995657140.2535,1852402850.3664,6140873415.68455,,0.0,,"Disbursement May, 2023.xlsx"
JIGAWA,5,2023,2096625723.3095,1983725976.661,6531577345.433001,,0.0,,"Disbursement May, 2023.xlsx"
KADUNA,5,2023,2357854155.4286,2028129571.4664,7135763169.044201,,0.0,,"Disbursement May, 2023.xlsx"
KANO,5,2023,3753905897.0513,3646362164.939,11114741541.9175,,-512664445.0403,,"Disbursement May, 2023.xlsx"
KATSINA,5,2023,2857912456.2775,2453232056.857,8415532976.193102,,0.0,,"Disbursement May, 2023.xlsx"
KEBBI,5,2023,1803649525.7648,1490857035.0089,5212662236.86185,,0.0,,"Disbursement May, 2023.xlsx"
KOGI,5,2023,1864203899.5271,1481450062.1522,5159526444.6056,,-187142998.7699,,"Disbursement May, 2023.xlsx"
KWARA,5,2023,1319119524.8036,1137035021.5479,5349480528.678849,,0.0,,"Disbursement May, 2023.xlsx"
LAGOS,5,2023,2247115082.1734,8008689945.4888,13153740560.5888,,0.0,,"Disbursement May, 2023.xlsx"
NASSARAWA,5,2023,1176881972.1443,916857380.5917,3347311879.7412004,,-39238127.24,,"Disbursement May, 2023.xlsx"
NIGER,5,2023,2178317749.1372,1794880364.2199,6457855797.91175,,0.0,,"Disbursement May, 2023.xlsx"
OGUN,5,2023,1554004006.2309,1553060073.2963,4869923486.8036995,,-115776950.4,,"Disbursement May, 2023.xlsx"
ONDO,5,2023,1484172123.6005,1379360953.4303,4532606312.54675,,-47177126.82,,"Disbursement May, 2023.xlsx"
OSUN,5,2023,2010348666.063,1912596550.838,6349889016.6719,,-82028645.1001,,"Disbursement May, 2023.xlsx"
OYO,5,2023,2535897986.1247,3349992975.9323,8733905924.8803,,-83688581.4604,,"Disbursement May, 2023.xlsx"
PLATEAU,5,2023,1589668262.6043,1322350746.499,4779892035.851049,,0.0,,"Disbursement May, 2023.xlsx"
RIVERS,5,2023,1970481937.7774,4165101956.1936,8355454780.913851,,0.0,,"Disbursement May, 2023.xlsx"
SOKOTO,5,2023,1984580294.5252,1633778943.8482,5715950079.932601,,-35989038.1701,,"Disbursement May, 2023.xlsx"
TARABA,5,2023,1487449570.2818,1169146396.5516,4201335906.9082,,0.0,,"Disbursement May, 2023.xlsx"
YOBE,5,2023,1495500186.7295,1168160042.3925,4232601451.3814,,0.0,,"Disbursement May, 2023.xlsx"
ZAMFARA,5,2023,1351284390.1113,1153678032.5198,4292980101.765299,,0.0,,"Disbursement May, 2023.xlsx"
FCT-ABUJA,5,2023,596820806.4268,3144882285.4759,4458517585.8880005,,0.0,,"Disbursement May, 2023.xlsx"
ABIA,5,2024,883741285.0789,2847902812.5576,5528406637.48945,1620076422.7866,0.0,139128851.4485,"Disbursement May, 2024.xlsx"
ADAMAWA,5,2024,1114712793.5866,3469324867.8221,6862444278.4249,2043493888.4935,0.0,140166528.0603,"Disbursement May, 2024.xlsx"
AKWA IBOM,5,2024,1484731937.465,5035110451.199,9499924624.2669,2721813778.148,0.0,195170271.7206,"Disbursement May, 2024.xlsx"
ANAMBRA,5,2024,1120736819.7045,4097435359.938,7568425614.6797,2054537146.1173,0.0,200458069.9449,"Disbursement May, 2024.xlsx"
BAUCHI,5,2024,1272258070.2064,3767467623.4949,7634174140.6585,2332306228.1255,0.0,154005289.8816,"Disbursement May, 2024.xlsx"
BAYELSA,5,2024,517855603.4599,2177004306.2212,3730129261.47965,949334005.0287,0.0,63927502.6426,"Disbursement May, 2024.xlsx"
BENUE,5,2024,1384413686.1562,4064725238.1196,8210383115.55455,2537910144.2848,0.0,164499189.5372,"Disbursement May, 2024.xlsx"
BORNO,5,2024,1503058387.4715,4621782935.4672,9188634438.0478,2755409865.6801,0.0,180629201.8343,"Disbursement May, 2024.xlsx"
CROSS RIVER,5,2024,968974402.2174,2953081329.4717,5866418599.2635,1776325956.2737,0.0,126857405.9232,"Disbursement May, 2024.xlsx"
DELTA,5,2024,1241601724.2279,4262837192.0837,8050728236.0413,2276106948.8038,0.0,217416740.8305,"Disbursement May, 2024.xlsx"
EBONYI,5,2024,716784814.9139,2342616987.2842,4518237421.9753,1314011462.9251,-7382883.5938,91283152.1107,"Disbursement May, 2024.xlsx"
EDO,5,2024,949993370.8222,3331774858.1332,6233064591.0913,1741529888.7335,0.0,169393624.5091,"Disbursement May, 2024.xlsx"
EKITI,5,2024,754329187.3246,2748819408.8215,5060124554.3511,1382837887.1025,0.0,110023058.8699,"Disbursement May, 2024.xlsx"
ENUGU,5,2024,965207388.3087,3020767428.1755,5982505917.1735,1769420258.2819,0.0,145072013.0099,"Disbursement May, 2024.xlsx"
GOMBE,5,2024,661360776.5954,2102450477.2854,4059637590.6855,1212407996.7847,0.0,83418340.0185,"Disbursement May, 2024.xlsx"
IMO,5,2024,1293592608.9243,4284047048.2422,8197079255.60335,2371416750.3471,0.0,193047707.7008,"Disbursement May, 2024.xlsx"
JIGAWA,5,2024,1359040831.5378,4574187092.4086,8715416636.9035,2491396572.6769,0.0,175279018.1537,"Disbursement May, 2024.xlsx"
KADUNA,5,2024,1528370102.6903,4728076561.2588,9268263522.7396,2801811356.4085,0.0,210005502.3794,"Disbursement May, 2024.xlsx"
KANO,5,2024,2433296193.5564,8452192987.8959,15905105965.2327,4460723810.6871,0.0,352072372.9661,"Disbursement May, 2024.xlsx"
KATSINA,5,2024,1852509810.3394,5695694287.247,11334242831.7377,3396024964.981,0.0,232557725.9109,"Disbursement May, 2024.xlsx"
KEBBI,5,2024,1169132537.1265,3364124996.6854,6863832511.7784,2143256279.2887,0.0,137632866.4316,"Disbursement May, 2024.xlsx"
KOGI,5,2024,1208384114.3422,3493854409.6653,7113015506.5038,2215212354.9836,0.0,144210680.4728,"Disbursement May, 2024.xlsx"
KWARA,5,2024,855058332.995,2692104523.8384,5267003561.8694,1567494773.3921,0.0,116007635.048,"Disbursement May, 2024.xlsx"
LAGOS,5,2024,1456588610.8736,23571918771.1501,28373789762.3025,2670221371.3663,0.0,551256709.4452,"Disbursement May, 2024.xlsx"
NASSARAWA,5,2024,762859406.0746,2102220693.076,4355819927.507,1398475502.4454,0.0,92264325.9153,"Disbursement May, 2024.xlsx"
NIGER,5,2024,1411993915.8564,4118205312.9961,8351620351.9171,2588470280.6353,0.0,172943879.4821,"Disbursement May, 2024.xlsx"
OGUN,5,2024,1007311354.316,3533266416.5082,6653192664.7904,1846605339.2389,0.0,180392053.9207,"Disbursement May, 2024.xlsx"
ONDO,5,2024,962046060.2855,3142906306.6611,6053552799.9142,1763624904.9559,0.0,144090463.5331,"Disbursement May, 2024.xlsx"
OSUN,5,2024,1303115712.2764,4411599761.2822,8406926946.2872,2388874523.8752,0.0,192577241.7689,"Disbursement May, 2024.xlsx"
OYO,5,2024,1643778796.3021,7309525352.965,12389140646.9194,3013378821.5278,0.0,282742947.5896,"Disbursement May, 2024.xlsx"
PLATEAU,5,2024,1030429062.0206,3013706210.8864,6108724312.22645,1888984770.6787,0.0,131813061.1502,"Disbursement May, 2024.xlsx"
RIVERS,5,2024,1277273946.1669,8961889492.8853,12856582404.689,2341501342.7153,0.0,221635993.5881,"Disbursement May, 2024.xlsx"
SOKOTO,5,2024,1286412555.0594,3877760626.0485,7787008405.6152,2358254260.1729,0.0,155240959.8776,"Disbursement May, 2024.xlsx"
TARABA,5,2024,964170513.7886,3240754034.257,6076368071.6063,1767519457.684,0.0,103924065.8726,"Disbursement May, 2024.xlsx"
YOBE,5,2024,969388954.2334,2713069679.7246,5650420787.2629,1777085913.9202,0.0,108481993.3403,"Disbursement May, 2024.xlsx"
ZAMFARA,5,2024,875907721.9957,2649826290.5692,5313852787.1359,1605715918.1093,0.0,107954147.2589,"Disbursement May, 2024.xlsx"
FCT-ABUJA,5,2024,386861534.7163,2485939513.3293,3735661839.7968,709195396.7285,0.0,120783687.0793,"Disbursement May, 2024.xlsx"
ABIA,11,2021,1422756596.9299002,938131940.8999,3025221193.63575,11779681.3855,-990419.4899,,"Disbursement November, 2021.xlsx"
ADAMAWA,11,2021,1794603248.1899998,1129068755.4581,3800581456.4849997,14858377.4082,-1223459.37,,"Disbursement November, 2021.xlsx"
AKWA IBOM,11,2021,2390306070.7599,1565542774.9804,5071820619.751101,19790485.5884,-1806059.0699,,"Disbursement November, 2021.xlsx"
ANAMBRA,11,2021,1804301474.4001,1289447617.0231,3975404067.6277003,14938673.6549,-1223459.3701,,"Disbursement November, 2021.xlsx"
BAUCHI,11,2021,2048239222.21,1275042831.8331,4324358589.6667,16958350.7754,-1165199.4,,"Disbursement November, 2021.xlsx"
BAYELSA,11,2021,833708335.8199999,578090283.0187,1801199221.19555,6902669.4978,-466079.76,,"Disbursement November, 2021.xlsx"
BENUE,11,2021,2228801277.16,1308904927.07,4439081140.0548,18453310.2665,-140878477.83,,"Disbursement November, 2021.xlsx"
BORNO,11,2021,2419810268.52,1469615754.7314,5071911397.050699,20034764.9335,-1573019.19,,"Disbursement November, 2021.xlsx"
CROSS RIVER,11,2021,1559975465.9998999,980084098.1132,3229950296.412999,12915781.9396,-39599945.6399,,"Disbursement November, 2021.xlsx"
DELTA,11,2021,1998884824.93,1406287748.6472,4338453753.1061,16549722.1485,-1456499.25,,"Disbursement November, 2021.xlsx"
EBONYI,11,2021,1153969313.4383001,766512269.5252,2441735442.7794,9554263.0906,-43404894.048300005,,"Disbursement November, 2021.xlsx"
EDO,11,2021,1529417441.73,1111037745.3313,3354607349.35795,12662777.4617,-1048679.46,,"Disbursement November, 2021.xlsx"
EKITI,11,2021,1214412912.06,880999361.9319,2688715050.916,10054704.5119,-932159.52,,"Disbursement November, 2021.xlsx"
ENUGU,11,2021,1553910858.6499002,1021332452.3627,3334610518.765,12865570.1588,-990419.4899,,"Disbursement November, 2021.xlsx"
GOMBE,11,2021,1064740805.6399,724337962.9963,2255451928.7721,8815497.6583,-54624417.0999,,"Disbursement November, 2021.xlsx"
IMO,11,2021,2082586215.1799,1406176156.52,4461068277.57925,17242725.935,-1573019.1899,,"Disbursement November, 2021.xlsx"
JIGAWA,11,2021,2187952901.1699,1482184667.0786,4739170798.5598,18115107.052,-1573019.1899,,"Disbursement November, 2021.xlsx"
KADUNA,11,2021,2460560214.6998997,1576894868.6176,5240113207.324699,20372153.2005,-1339979.3099,,"Disbursement November, 2021.xlsx"
KANO,11,2021,3917422745.9103003,2881339612.0996,8200402644.3046,32434213.9047,-515227883.7203,,"Disbursement November, 2021.xlsx"
KATSINA,11,2021,2982400616.6098003,1881843362.1446,6321607505.468,24692719.1227,-1980838.9798,,"Disbursement November, 2021.xlsx"
KEBBI,11,2021,1882214917.3801,1112600500.8873,3873771337.3872004,15583756.2614,-1223459.3701,,"Disbursement November, 2021.xlsx"
KOGI,11,2021,1945406986.5601,1134182427.6966,3800952815.6219006,16106953.583,-188366458.1401,,"Disbursement November, 2021.xlsx"
KWARA,11,2021,1376579214.4899,881979671.7285,2901355891.8828,11397356.7817,-932159.5199,,"Disbursement November, 2021.xlsx"
LAGOS,11,2021,2344997444.5302,6303661682.4806,9794945007.5184,19415353.8323,-1165199.4002,,"Disbursement November, 2021.xlsx"
NASSARAWA,11,2021,1228145918.78,691063829.0307,2480168994.2566,10168406.6336,-39995506.85,,"Disbursement November, 2021.xlsx"
NIGER,11,2021,2273203360.0,1356957312.0379,4691721313.960899,18820936.3173,-1456499.25,,"Disbursement November, 2021.xlsx"
OGUN,11,2021,1621695057.95,1190793877.0075,3373717753.4797,13426787.919,-232296884.4,,"Disbursement November, 2021.xlsx"
ONDO,11,2021,1548821359.75,1055594123.9175,3280464365.2563,12823431.7667,-48225806.28,,"Disbursement November, 2021.xlsx"
OSUN,11,2021,2097917690.9699,1451976416.6624,4492668001.7361,17369662.5454,-83776444.1999,,"Disbursement November, 2021.xlsx"
OYO,11,2021,2646359478.5298,2429880843.5609,6285542317.509899,21910474.0448,-85611160.4698,,"Disbursement November, 2021.xlsx"
PLATEAU,11,2021,1658912818.0502,991983715.0181,3425662824.29455,13734931.5305,-990419.4902,,"Disbursement November, 2021.xlsx"
RIVERS,11,2021,2056314402.9603002,2382280601.8932,5398848474.0117,17025209.0538,-1339979.3103,,"Disbursement November, 2021.xlsx"
SOKOTO,11,2021,2071026871.7601,1291961425.3136,4339051437.450701,17147020.6096,-37329017.4801,,"Disbursement November, 2021.xlsx"
TARABA,11,2021,1552241569.1299999,872755173.6381,3183605396.0136003,12851749.3137,-932159.52,,"Disbursement November, 2021.xlsx"
YOBE,11,2021,1560642863.3701,927854924.8275,3251159091.6860995,12921307.6411,-990419.4901,,"Disbursement November, 2021.xlsx"
ZAMFARA,11,2021,1410145153.1301,871191240.9815,2970531134.9383,11675265.2189,-815639.5801,,"Disbursement November, 2021.xlsx"
FCT-ABUJA,11,2021,622817797.3700999,3575859288.0585,4503083914.9458,5156606.0071,-349559.8201,,"Disbursement November, 2021.xlsx"
ABIA,11,2022,1627837075.48485,1309109599.8191,3404363438.78555,,0.0,,"Disbursement November, 2022.xlsx"
ADAMAWA,11,2022,2053282838.03738,1576342509.65,4229094916.7843804,,-29166666.6901,,"Disbursement November, 2022.xlsx"
AKWA IBOM,11,2022,2734852083.71476,2207855705.771,5727992587.83761,,0.0,,"Disbursement November, 2022.xlsx"
ANAMBRA,11,2022,2064378996.18262,1809353774.3948,4505766223.23052,,0.0,,"Disbursement November, 2022.xlsx"
BAUCHI,11,2022,2343478675.52884,1732209688.2031,4793171404.03194,,0.0,,"Disbursement November, 2022.xlsx"
BAYELSA,11,2022,953881600.07068,694279477.5287,1922058420.8682299,,0.0,,"Disbursement November, 2022.xlsx"
BENUE,11,2022,2550067496.20515,1827995183.3692,4970749975.44555,,-139538498.5196,,"Disbursement November, 2022.xlsx"
BORNO,11,2022,2768609106.59738,2020271542.2262,5636522276.60878,,0.0,,"Disbursement November, 2022.xlsx"
CROSS RIVER,11,2022,1784835091.17126,1362495624.4794,3621276587.0695105,,-38551266.18,,"Disbursement November, 2022.xlsx"
DELTA,11,2022,2287010184.77806,2100353515.9174,5044055279.181709,,0.0,,"Disbursement November, 2022.xlsx"
EBONYI,11,2022,1320305972.53078,1132671365.051,2812843465.4002805,,-44360782.027,,"Disbursement November, 2022.xlsx"
EDO,11,2022,1749872340.01553,1482117089.79,3734447371.07883,,0.0,,"Disbursement November, 2022.xlsx"
EKITI,11,2022,1389462095.95437,1185007566.0284,2999869517.07707,,0.0,,"Disbursement November, 2022.xlsx"
ENUGU,11,2022,1777896312.81136,1428756926.316,3750976712.25056,,0.0,,"Disbursement November, 2022.xlsx"
GOMBE,11,2022,1218215795.26845,1016880504.2193,2554083566.0121503,,-53983557.4299,,"Disbursement November, 2022.xlsx"
IMO,11,2022,2382776548.89942,1957535833.436,5024502292.59122,,0.0,,"Disbursement November, 2022.xlsx"
JIGAWA,11,2022,2503331110.61709,2093418982.0594,5363173800.67849,,0.0,,"Disbursement November, 2022.xlsx"
KADUNA,11,2022,2815232874.40456,2196621014.9237,5873769921.66666,,0.0,,"Disbursement November, 2022.xlsx"
KANO,11,2022,4482092017.63767,3953152465.6031,9294824232.82397,,-512664445.0397,,"Disbursement November, 2022.xlsx"
KATSINA,11,2022,3412292944.64971,2626985769.3259,7083991576.90371,,0.0,,"Disbursement November, 2022.xlsx"
KEBBI,11,2022,2153523120.65039,1565833856.7658,4337719111.00824,,0.0,,"Disbursement November, 2022.xlsx"
KOGI,11,2022,2225823887.56252,1660049320.417,4337852768.38507,,-187142998.77,,"Disbursement November, 2022.xlsx"
KWARA,11,2022,1575003544.19573,1276885575.5995,3304135275.2534294,,0.0,,"Disbursement November, 2022.xlsx"
LAGOS,11,2022,2683012533.80738,9911963420.0582,13416411203.10448,,0.0,,"Disbursement November, 2022.xlsx"
NASSARAWA,11,2022,1405174620.17165,952178167.2312,2748325085.8692493,,-39238127.2402,,"Disbursement November, 2022.xlsx"
NIGER,11,2022,2600869830.79544,1884629170.2163,5232312166.07364,,0.0,,"Disbursement November, 2022.xlsx"
OGUN,11,2022,1855451133.49116,1669050586.9288,3976792546.4784603,,-115776950.4,,"Disbursement November, 2022.xlsx"
ONDO,11,2022,1772073198.00262,1576320687.5305,3810049449.24307,,-47177126.82,,"Disbursement November, 2022.xlsx"
OSUN,11,2022,2400317950.4066,2014283377.3766,5067457722.9136,,-82028645.1001,,"Disbursement November, 2022.xlsx"
OYO,11,2022,3027813811.23155,3792875903.6976,7664001272.80465,,-83688581.4599,,"Disbursement November, 2022.xlsx"
PLATEAU,11,2022,1898033575.13738,1394373220.9065,3837407720.29543,,0.0,,"Disbursement November, 2022.xlsx"
RIVERS,11,2022,2352717837.47951,3754234784.0624,6782511480.31336,,0.0,,"Disbursement November, 2022.xlsx"
SOKOTO,11,2022,2369551006.44388,1726606577.8651,4785633931.423679,,-35989038.17,,"Disbursement November, 2022.xlsx"
TARABA,11,2022,1775986406.80786,1181106076.2094,3500831216.37726,,0.0,,"Disbursement November, 2022.xlsx"
YOBE,11,2022,1785598689.24311,1215455490.6104,3547735824.4073105,,0.0,,"Disbursement November, 2022.xlsx"
ZAMFARA,11,2022,1613407779.6766,1219831456.1651,3327202646.3448,,0.0,,"Disbursement November, 2022.xlsx"
FCT-ABUJA,11,2022,712592655.704563,2139907997.4929,3070669118.073863,,0.0,,"Disbursement November, 2022.xlsx"
ABIA,10,2021,2174969461.003884,963530266.788,3160210202.6691923,11331447.8396,-22415486.595,,"Disbursement October, 2021.xlsx"
ADAMAWA,10,2021,2743411816.077864,1155285480.4244,3968031717.2251005,14292995.1219,-27689718.735,,"Disbursement October, 2021.xlsx"
AKWA IBOM,10,2021,3654063328.585825,1711668768.7713,5398990739.251613,19037429.6065,-40875299.08499998,,"Disbursement October, 2021.xlsx"
ANAMBRA,10,2021,2758237504.387184,1350083395.9964,4178179649.8428993,14370235.9831,-27689718.735,,"Disbursement October, 2021.xlsx"
BAUCHI,10,2021,3131145388.2880583,1285530007.2895,4501041049.9036,16313061.5315,-26371160.7,,"Disbursement October, 2021.xlsx"
BAYELSA,10,2021,1274490783.3906796,525927230.8199,1815726525.0345898,6640013.1559,-10548464.28,,"Disbursement October, 2021.xlsx"
BENUE,10,2021,3407170785.867864,1344435179.5618,4650865596.626182,17751135.6979,-169865333.32500008,,"Disbursement October, 2021.xlsx"
BORNO,10,2021,3699166425.8001943,1491146349.8279,5285537287.6471,19272413.7767,-35601066.94499999,,"Disbursement October, 2021.xlsx"
CROSS RIVER,10,2021,2384736086.115534,1012481735.5056,3383314235.035167,12424318.1599,-62285310.810000025,,"Disbursement October, 2021.xlsx"
DELTA,10,2021,3055697270.818932,1470500193.2612,4555227753.796066,15919981.8015,-32963950.875,,"Disbursement October, 2021.xlsx"
EBONYI,10,2021,1764074066.5524273,765980293.9932,2526370165.8475,9190709.8601,-66072847.8506,,"Disbursement October, 2021.xlsx"
EDO,10,2021,2338022003.2495146,1122706755.5627,3484428699.2045574,12180940.8607,-23734044.63,,"Disbursement October, 2021.xlsx"
EKITI,10,2021,1856474257.4267962,878333293.4517,2779367122.0817003,9672108.7773,-21096928.56,,"Disbursement October, 2021.xlsx"
ENUGU,10,2021,2375465114.679223,1055805024.3998,3492865903.4432,12376017.0086,-22415486.595,,"Disbursement October, 2021.xlsx"
GOMBE,10,2021,1627670355.6664078,722014100.8605,2338761328.5447,8480055.4979,-68487695.815,,"Disbursement October, 2021.xlsx"
IMO,10,2021,3183651671.472233,1445545676.1106,4658186470.760316,16586615.8132,-35601066.94499999,,"Disbursement October, 2021.xlsx"
JIGAWA,10,2021,3344725831.822912,1548411837.0216,4975826952.4964,17425801.5946,-35601066.94499999,,"Disbursement October, 2021.xlsx"
KADUNA,10,2021,3761460910.0970874,1636878484.6326,5501041260.0888,19596963.9429,-30326834.805,,"Disbursement October, 2021.xlsx"
KANO,10,2021,5988568147.623592,2951134225.5918,8580814466.6133,31200046.1694,-570680998.585,,"Disbursement October, 2021.xlsx"
KATSINA,10,2021,4559198864.788641,1949020258.8759,6624629836.422701,23753126.2181,-44830973.18999997,,"Disbursement October, 2021.xlsx"
KEBBI,10,2021,2877343864.1484466,1167770540.8416,4075800478.085173,14990772.2836,-27689718.735,,"Disbursement October, 2021.xlsx"
KOGI,10,2021,2973945644.762136,1164873123.1375,3984321707.1911182,15494061.2069,-214832717.505,,"Disbursement October, 2021.xlsx"
KWARA,10,2021,2104378049.3684468,879677743.3959,3005652661.240073,10963671.2285,-21096928.561599992,,"Disbursement October, 2021.xlsx"
LAGOS,10,2021,3584799985.454854,6403718299.9994,10088927993.625,18676572.1448,-26371160.701999985,,"Disbursement October, 2021.xlsx"
NASSARAWA,10,2021,1877467918.7968931,701329297.1425,2541902843.6217003,9781484.3722,-103293338.78499997,,"Disbursement October, 2021.xlsx"
NIGER,10,2021,3475048295.199321,1416635884.0919,4929222297.497161,18104773.057,-32963950.875,,"Disbursement October, 2021.xlsx"
OGUN,10,2021,2479086889.285922,1273517904.2845,3698132645.177,12915879.639,-142148111.10000005,,"Disbursement October, 2021.xlsx"
ONDO,10,2021,2367684792.5158253,1104446384.3869,3449255791.612713,12335482.0416,-70911171.44999999,,"Disbursement October, 2021.xlsx"
OSUN,10,2021,3207088914.15233,1521019065.4304,4719945244.8325,16708722.306,-121585386.14999996,,"Disbursement October, 2021.xlsx"
OYO,10,2021,4045492434.2305827,2439877683.0752,6501242945.705,21076749.5021,-127200996.61500002,,"Disbursement October, 2021.xlsx"
PLATEAU,10,2021,2535981717.12233,1016432009.4189,3581448448.1220655,13212297.9498,-22415486.595,,"Disbursement October, 2021.xlsx"
RIVERS,10,2021,3143489925.3367963,2459266116.4904,5636204592.295748,16377375.757,-30326834.805,,"Disbursement October, 2021.xlsx"
SOKOTO,10,2021,3165980891.4048543,1291883568.4177,4503517402.3674,16494552.2111,-66315872.97500003,,"Disbursement October, 2021.xlsx"
TARABA,10,2021,2372913270.091262,865628185.7953,3301365529.1574,12362722.0661,-21096928.56,,"Disbursement October, 2021.xlsx"
YOBE,10,2021,2385756337.165922,918829947.606,3366546010.9008,12429633.6008,-22415486.595,,"Disbursement October, 2021.xlsx"
ZAMFARA,10,2021,2155690333.9954367,895150969.4739,3108620136.0009995,11231004.8561,-18459812.49,,"Disbursement October, 2021.xlsx"
FCT-ABUJA,10,2021,952102202.1394175,3776975890.9269,4754839012.4675,4960389.8514,-7911348.21,,"Disbursement October, 2021.xlsx"
ABIA,10,2022,1835441727.55097,1161373351.717,3339690936.0149345,,0.0,62534090.9337,"Disbursement October, 2022.xlsx"
ADAMAWA,10,2022,2315146310.4968,1434102199.938,4176458567.708004,,-29166666.6899,63326060.2282,"Disbursement October, 2022.xlsx"
AKWA IBOM,10,2022,3083638841.21184,1968753857.0334,5611732421.768717,,0.0,88350781.2453,"Disbursement October, 2022.xlsx"
ANAMBRA,10,2022,2327657606.60951,1632781299.6977,4445407850.439995,,0.0,89794192.9445,"Disbursement October, 2022.xlsx"
BAUCHI,10,2022,2642351997.91786,1602853637.329,4763699607.312796,,0.0,69892429.3084,"Disbursement October, 2022.xlsx"
BAYELSA,10,2022,1075533982.04262,745931026.8484,2014759580.8685594,,0.0,29019623.2369,"Disbursement October, 2022.xlsx"
BENUE,10,2022,2875287927.2101,1631048670.682,4880954132.605251,,-139538498.5201,74990200.4951,"Disbursement October, 2022.xlsx"
BORNO,10,2022,3121701033.87854,1800912464.1993,5533275128.658096,,0.0,80679288.7339,"Disbursement October, 2022.xlsx"
CROSS RIVER,10,2022,2012462335.73942,1203779123.6149,3542219164.7659116,,-38551266.18,57149425.6405,"Disbursement October, 2022.xlsx"
DELTA,10,2022,2578681851.94505,1894560905.643,4967651367.807526,,0.0,100545807.0653,"Disbursement October, 2022.xlsx"
EBONYI,10,2022,1488689938.08631,938375992.0644,2674698995.269099,,-46095136.8724,40987990.4582,"Disbursement October, 2022.xlsx"
EDO,10,2022,1973040643.39184,1365759802.336,3718063242.170317,,0.0,77904442.3766,"Disbursement October, 2022.xlsx"
EKITI,10,2022,1566665821.88845,1062317537.0613,2945379380.9480033,,0.0,50417565.9716,"Disbursement October, 2022.xlsx"
ENUGU,10,2022,2004638626.88534,1312134694.5125,3722599557.318701,,0.0,65491571.4243,"Disbursement October, 2022.xlsx"
GOMBE,10,2022,1373579787.23495,824956509.2536,2415411166.7637987,,-53983557.43,37660877.8882,"Disbursement October, 2022.xlsx"
IMO,10,2022,2686661688.16515,1737891594.3225,4921912136.325227,,0.0,87003422.5051,"Disbursement October, 2022.xlsx"
JIGAWA,10,2022,2822591061.16951,1835212496.4294,5216109836.319595,,0.0,79104906.0056,"Disbursement October, 2022.xlsx"
KADUNA,10,2022,3174270919.5366,1914424934.9685,5722952107.989598,,0.0,95348934.2684,"Disbursement October, 2022.xlsx"
KANO,10,2022,5053711357.10505,3507560073.9001,9066089460.647802,,-512664445.0401,159495835.0396,"Disbursement October, 2022.xlsx"
KATSINA,10,2022,3847476477.56612,2337489292.7703,6942642624.976305,,0.0,104477021.7229,"Disbursement October, 2022.xlsx"
KEBBI,10,2022,2428170642.14505,1392439932.7614,4253700193.7766256,,0.0,62215602.393,"Disbursement October, 2022.xlsx"
KOGI,10,2022,2509692218.55039,1437242978.3518,4208852509.6155453,,-187142998.7697,65734849.4848,"Disbursement October, 2022.xlsx"
KWARA,10,2022,1775870122.13534,1088286831.8043,3189225060.31157,,0.0,53825190.6149,"Disbursement October, 2022.xlsx"
LAGOS,10,2022,3025187983.64748,8326088959.5431,12120540520.574505,,0.0,255666601.0345,"Disbursement October, 2022.xlsx"
NASSARAWA,10,2022,1584382227.92699,857057694.0725,2712584767.1224995,,-39238127.2399,41396738.7651,"Disbursement October, 2022.xlsx"
NIGER,10,2022,2932569289.18932,1696960454.2978,5156198800.802059,,0.0,78754181.8071,"Disbursement October, 2022.xlsx"
OGUN,10,2022,2092084327.80485,1488802459.6791,3904947473.9242954,,-115776950.4,84657003.1562,"Disbursement October, 2022.xlsx"
ONDO,10,2022,1998072866.67194,1322814266.2068,3644446680.0437193,,-47177126.8202,65554947.2951,"Disbursement October, 2022.xlsx"
OSUN,10,2022,2706440215.61777,1817087669.323,4988865782.897102,,-82028645.1,87884514.5178,"Disbursement October, 2022.xlsx"
OYO,10,2022,3413963163.8101,3202235441.2626,7234933383.607203,,-83688581.4599,122822631.7801,"Disbursement October, 2022.xlsx"
PLATEAU,10,2022,2140097480.61689,1214154167.7395,3740753206.1629434,,0.0,59627270.4173,"Disbursement October, 2022.xlsx"
RIVERS,10,2022,2652769467.59379,3846615062.8465,7004030100.509296,,0.0,99466769.9601,"Disbursement October, 2022.xlsx"
SOKOTO,10,2022,2671749438.74049,1586046439.5011,4744863835.483505,,-35989038.1702,69464544.0499,"Disbursement October, 2022.xlsx"
TARABA,10,2022,2002485142.83767,1034816031.7499,3424383969.0075,,0.0,47113734.6048,"Disbursement October, 2022.xlsx"
YOBE,10,2022,2013323318.56437,1096776460.9767,3500709182.2112017,,0.0,48800307.0232,"Disbursement October, 2022.xlsx"
ZAMFARA,10,2022,1819172205.23544,1094238134.0643,3270822901.2863035,,0.0,48565194.7695,"Disbursement October, 2022.xlsx"
FCT-ABUJA,10,2022,803472481.812913,2061018920.3268,3055341345.5086,,0.0,54441548.4345,"Disbursement October, 2022.xlsx"
ABIA,10,2023,1503900462.7442,1748776634.788,4045230504.81895,674907396.002,0.0,84963893.4035,"Disbursement October, 2023.xlsx"
ADAMAWA,10,2023,1896954588.8679,2089964120.6462,5006090027.184,851298815.0628,0.0,85424900.4895,"Disbursement October, 2023.xlsx"
AKWA IBOM,10,2023,2526632042.0984,2910499966.53,6745615522.897301,1133879997.0017,0.0,119695836.6806,"Disbursement October, 2023.xlsx"
ANAMBRA,10,2023,1907205932.5803,2405866922.1479,5375360288.632,855899324.1139,0.0,123494952.0892,"Disbursement October, 2023.xlsx"
BAUCHI,10,2023,2165056145.7511,2295759310.0698,5620574385.7146,971615104.6725,0.0,94043687.7085,"Disbursement October, 2023.xlsx"
BAYELSA,10,2023,881257099.5918,1153529639.7222,2488789089.0296,395482911.9532,0.0,39368337.5893,"Disbursement October, 2023.xlsx"
BENUE,10,2023,2355916169.5774,2402983127.5894,5967772757.6265,1057267609.5245,0.0,100408094.2487,"Disbursement October, 2023.xlsx"
BORNO,10,2023,2557818948.3922,2717554204.8512,6644505885.0704,1147875786.1098,0.0,110086103.682,"Disbursement October, 2023.xlsx"
CROSS RIVER,10,2023,1648945315.2035,1790400964.5707,4292226728.8175497,739999365.9173,0.0,77046912.9093,"Disbursement October, 2023.xlsx"
DELTA,10,2023,2112886926.4542,2648015941.9467,5888826187.416,948203055.2592,0.0,133803914.0303,"Disbursement October, 2023.xlsx"
EBONYI,10,2023,1219783474.0077,1356564414.649,3220105276.5979,547403839.8966,-12563769.7821,55901698.4096,"Disbursement October, 2023.xlsx"
EDO,10,2023,1616644479.6751,1926863704.088,4408192403.43555,725503677.3162,0.0,104048320.0013,"Disbursement October, 2023.xlsx"
EKITI,10,2023,1283674343.4224,1607154075.7935,3589197742.4195004,576076229.7076,0.0,66500576.3021,"Disbursement October, 2023.xlsx"
ENUGU,10,2023,1642534826.0067,1846122291.77,4386077134.6654,737122522.2175,0.0,88907774.2243,"Disbursement October, 2023.xlsx"
GOMBE,10,2023,1125466009.9698,1300651904.0959,3031110378.4684,505076867.0496,0.0,50999311.0425,"Disbursement October, 2023.xlsx"
IMO,10,2023,2201362045.6699,2574609510.5952,5929363712.683149,987908151.3073,0.0,117644952.1561,"Disbursement October, 2023.xlsx"
JIGAWA,10,2023,2312738094.2217,2795617538.0112,6353408563.2805,1037890527.6463,0.0,106643544.7453,"Disbursement October, 2023.xlsx"
KADUNA,10,2023,2600892980.2078,2922147794.7665,6932117747.2105,1167206176.2302,0.0,128827821.3128,"Disbursement October, 2023.xlsx"
KANO,10,2023,4140844535.9185,5131654698.7984,11012916003.6362,1858292268.8153,-512664445.0402,214814841.002,"Disbursement October, 2023.xlsx"
KATSINA,10,2023,3152495428.2971,3466490912.2494,8310914920.0207,1414749535.0437,0.0,140161695.5303,"Disbursement October, 2023.xlsx"
KEBBI,10,2023,1989563001.3911,2081293399.0335,5090379029.0097,892858814.6053,0.0,83427486.7399,"Disbursement October, 2023.xlsx"
KOGI,10,2023,2056359094.4724,2238242403.7583,5350528764.9365,922834985.4767,0.0,88404370.0298,"Disbursement October, 2023.xlsx"
KWARA,10,2023,1455089452.5084,1624608403.6631,3836653357.3758497,653002414.5018,0.0,72331708.6974,"Disbursement October, 2023.xlsx"
LAGOS,10,2023,2478739335.7166,12242607091.3468,16275781315.528,1112387123.9346,0.0,334313970.7405,"Disbursement October, 2023.xlsx"
NASSARAWA,10,2023,1298190582.6684,1276614635.3265,3270354530.483,582590701.5576,0.0,56535172.4037,"Disbursement October, 2023.xlsx"
NIGER,10,2023,2402850629.8188,2572948664.317,6212384881.6069,1078330449.206,0.0,106037422.0797,"Disbursement October, 2023.xlsx"
OGUN,10,2023,1714184951.4799,2192394649.7015,4861450168.353399,769277043.6133,0.0,111089663.7058,"Disbursement October, 2023.xlsx"
ONDO,10,2023,1637155058.4689,1967208407.2896,4461986257.944,734708236.8375,0.0,87336605.9182,"Disbursement October, 2023.xlsx"
OSUN,10,2023,2217567919.2435,2678274426.9555,6104499830.1328,995180882.585,0.0,117094137.2938,"Disbursement October, 2023.xlsx"
OYO,10,2023,2797288905.8686,4616768842.2445,8955396711.0951,1255343035.0561,0.0,164416969.6977,"Disbursement October, 2023.xlsx"
PLATEAU,10,2023,1753525346.573,1808480186.2098,4467287598.790549,786931884.6536,0.0,80243322.8859,"Disbursement October, 2023.xlsx"
RIVERS,10,2023,2173591877.0855,5265798709.382,8597712174.054798,975445696.0918,0.0,135640327.8977,"Disbursement October, 2023.xlsx"
SOKOTO,10,2023,2189143439.9394,2342813347.1959,5703602576.201,982424791.4837,0.0,94073950.6394,"Disbursement October, 2023.xlsx"
TARABA,10,2023,1640770332.148,1644007611.6949,4156024634.4024005,736330667.9793,0.0,63602992.5763,"Disbursement October, 2023.xlsx"
YOBE,10,2023,1649650776.1556,1658498468.1003,4186008712.0325003,740315956.56,0.0,65844509.235,"Disbursement October, 2023.xlsx"
ZAMFARA,10,2023,1490569752.3372,1623619755.8457,3913235752.0188,668924955.4943,0.0,65336447.1064,"Disbursement October, 2023.xlsx"
FCT-ABUJA,10,2023,658338872.3612,4007554100.5389,5067922544.0201,295443604.8388,0.0,77972491.9651,"Disbursement October, 2023.xlsx"
ABIA,9,2021,1863136744.9605,1003385871.1274,2997269027.98505,10513405.6349,-120243229.283,,"Disbursement September, 2021.xlsx"
ADAMAWA,9,2021,2350079600.0762,1253803993.5773,3811172308.0822997,13261152.289,-148707567.1019,,"Disbursement September, 2021.xlsx"
AKWA IBOM,9,2021,3130167930.1553,1755418309.5604,5088940855.0711,17663075.5868,-218321210.5018,,"Disbursement September, 2021.xlsx"
ANAMBRA,9,2021,2362779679.3894,1392798731.3017,3964746029.6975,13332816.962,-148752504.1678,,"Disbursement September, 2021.xlsx"
BAUCHI,9,2021,2682222500.7428,1377973752.9808,4323308966.6855,15135385.6501,-143197454.7662,,"Disbursement September, 2021.xlsx"
BAYELSA,9,2021,1091762736.0858,588019884.9142,1769512018.9448495,6160655.965,-57345763.404,,"Disbursement September, 2021.xlsx"
BENUE,9,2021,2918673204.9915004,1417374597.5448,4425603813.28015,16469642.0717,-303628623.9434,,"Disbursement September, 2021.xlsx"
BORNO,9,2021,3168804444.0183,1585028969.4938,5042135756.9268,17881095.7317,-191716545.7003,,"Disbursement September, 2021.xlsx"
CROSS RIVER,9,2021,2042828420.6919,1052677922.0008,3204587228.25635,11527379.2368,-166115647.2109,,"Disbursement September, 2021.xlsx"
DELTA,9,2021,2617591634.6477003,1558434746.6116,4352255782.422001,14770683.2121,-176395486.3626,,"Disbursement September, 2021.xlsx"
EBONYI,9,2021,1511152810.7196999,817204046.3912,2418687361.7992997,8527212.2502,-138582925.0631,,"Disbursement September, 2021.xlsx"
EDO,9,2021,2002811893.6301,1204472217.942,3349667089.22045,11301571.8813,-127422789.3701,,"Disbursement September, 2021.xlsx"
EKITI,9,2021,1590305274.2122,912350036.3156,2630966446.8161,8973857.9178,-112592518.2443,,"Disbursement September, 2021.xlsx"
ENUGU,9,2021,2034886659.7369,1110202464.7968,3332488207.6504,11482565.052,-120850937.0834,,"Disbursement September, 2021.xlsx"
GOMBE,9,2021,1394305760.4705,756549061.077,2229612102.7796,7867861.5934,-132455847.9009,,"Disbursement September, 2021.xlsx"
IMO,9,2021,2727200780.8044,1511530791.6471,4415968283.47595,15389191.445,-190154006.4044,,"Disbursement September, 2021.xlsx"
JIGAWA,9,2021,2865181194.8718,1595286871.3642,4703851074.9041,16167794.5544,-190642226.5822,,"Disbursement September, 2021.xlsx"
KADUNA,9,2021,3222167557.7461,1814129890.1062,5359235934.2913,18182215.9051,-165163988.4635,,"Disbursement September, 2021.xlsx"
KANO,9,2021,5129966910.1509,3111343725.7821,8193440541.8251,28947646.0414,-824971067.3305,,"Disbursement September, 2021.xlsx"
KATSINA,9,2021,3905531128.0783,2130771694.3347,6386802289.5248995,22038335.6617,-241120731.1663,,"Disbursement September, 2021.xlsx"
KEBBI,9,2021,2464809358.1545,1208502491.9037,3856241386.0963,13908555.3784,-149113518.7974,,"Disbursement September, 2021.xlsx"
KOGI,9,2021,2547561015.2771997,1222609778.9381,3776812292.8471994,14375510.765,-336549320.2012,,"Disbursement September, 2021.xlsx"
KWARA,9,2021,1802666262.384,930577650.2651,2862743443.061,10172179.6277,-113343921.4069,,"Disbursement September, 2021.xlsx"
LAGOS,9,2021,3070835106.4170003,6900320638.95,10291761485.5263,17328269.2208,-144572494.2372,,"Disbursement September, 2021.xlsx"
NASSARAWA,9,2021,1608289003.4607,737002316.2313,2503994906.5486,9075337.4479,-84924290.6148,,"Disbursement September, 2021.xlsx"
NIGER,9,2021,2976818886.6017003,1505299350.7394,4705469328.5828495,16797749.5697,-177666550.7673,,"Disbursement September, 2021.xlsx"
OGUN,9,2021,2123651830.6089,1308893356.7111,4011239588.7285004,11983453.8088,256997998.0515,,"Disbursement September, 2021.xlsx"
ONDO,9,2021,2028221828.6342,1161431747.1441,3637572228.57115,11444956.3938,174689824.915,,"Disbursement September, 2021.xlsx"
OSUN,9,2021,2747277746.8586,1591351370.008,5047103746.135699,15502482.8009,292309720.5669,,"Disbursement September, 2021.xlsx"
OYO,9,2021,3465476523.1491003,2420952871.0794,6727955866.5881,19555172.4825,316566911.0279,,"Disbursement September, 2021.xlsx"
PLATEAU,9,2021,2172389454.8562,1068044032.8881,3654421106.0455503,12258473.028,121337467.2882,,"Disbursement September, 2021.xlsx"
RIVERS,9,2021,2692797159.8301,2378047689.4695,5596891836.6345005,15195056.8897,163290901.5356,,"Disbursement September, 2021.xlsx"
SOKOTO,9,2021,2712063520.1458,1340892807.6387,4663135002.6029005,15303774.1174,199348110.438,,"Disbursement September, 2021.xlsx"
TARABA,9,2021,2032700681.7243001,893535180.7997,3348312603.9778004,11470229.9004,114157858.9931,,"Disbursement September, 2021.xlsx"
YOBE,9,2021,2043702394.904,968505257.7406,3442675233.8159003,11532310.9446,120882130.0599,,"Disbursement September, 2021.xlsx"
ZAMFARA,9,2021,1846621731.4929001,962432861.6361,3188914507.0032997,10420213.8517,100128763.5823,,"Disbursement September, 2021.xlsx"
FCT-ABUJA,9,2021,815596094.3678999,3632560780.7999,4614703439.5291,4602288.3707,42997908.0512,,"Disbursement September, 2021.xlsx"
ABIA,9,2022,1708519986.11641,1302235908.74,3120653741.2810073,,0.0,,"Disbursement September, 2022.xlsx"
ADAMAWA,9,2022,2155052749.92244,1594497941.32,3892901031.856205,,-29166666.69,,"Disbursement September, 2022.xlsx"
AKWA IBOM,9,2022,2870403626.05818,2265787217.18,5320825017.51509,,0.0,,"Disbursement September, 2022.xlsx"
ANAMBRA,9,2022,2166698883.45628,1797605307.16,4137753498.1175985,,0.0,,"Disbursement September, 2022.xlsx"
BAUCHI,9,2022,2459631995.41753,1741403279.16,4397934562.046596,,0.0,,"Disbursement September, 2022.xlsx"
BAYELSA,9,2022,1001160252.86411,792754048.85,1858312351.8449566,,0.0,,"Disbursement September, 2022.xlsx"
BENUE,9,2022,2676460285.14567,1838460809.78,4547541671.960787,,-139538498.52,,"Disbursement September, 2022.xlsx"
BORNO,9,2022,2905833798.4854,2055299376.15,5193751958.864704,,0.0,,"Disbursement September, 2022.xlsx"
CROSS RIVER,9,2022,1873299528.0195,1399486438.3,3354731730.030899,,-38551266.18,,"Disbursement September, 2022.xlsx"
DELTA,9,2022,2400364672.85443,2017131237.17,4571895571.909166,,0.0,,"Disbursement September, 2022.xlsx"
EBONYI,9,2022,1385746261.61172,1123021585.72,2574665255.978697,,-45034817.0,,"Disbursement September, 2022.xlsx"
EDO,9,2022,1836603866.00962,1475652233.77,3430392739.239312,,0.0,,"Disbursement September, 2022.xlsx"
EKITI,9,2022,1458330072.85424,1205247516.1,2780320318.263196,,0.0,,"Disbursement September, 2022.xlsx"
ENUGU,9,2022,1866016832.66012,1467943792.85,3483339632.3863955,,0.0,,"Disbursement September, 2022.xlsx"
GOMBE,9,2022,1278596037.01952,971121815.34,2298088894.7714033,,-53983557.43,,"Disbursement September, 2022.xlsx"
IMO,9,2022,2500877647.74763,1964391429.38,4626134077.181366,,0.0,,"Disbursement September, 2022.xlsx"
JIGAWA,9,2022,2627407434.55351,2074391794.87,4912129332.755204,,0.0,,"Disbursement September, 2022.xlsx"
KADUNA,9,2022,2954768449.45626,2232688562.92,5423993129.737902,,0.0,,"Disbursement September, 2022.xlsx"
KANO,9,2022,4704244612.11636,3993115804.7,8561281743.116895,,-512664445.04,,"Disbursement September, 2022.xlsx"
KATSINA,9,2022,3581421496.18443,2707881896.25,6576004550.184397,,0.0,,"Disbursement September, 2022.xlsx"
KEBBI,9,2022,2260261390.78654,1573886312.97,3979535443.5672207,,0.0,,"Disbursement September, 2022.xlsx"
KOGI,9,2022,2336145708.1651,1615588573.21,3914860161.1352997,,-187142998.77,,"Disbursement September, 2022.xlsx"
KWARA,9,2022,1653067787.92236,1238381062.86,2997779822.244579,,0.0,,"Disbursement September, 2022.xlsx"
LAGOS,9,2022,2815994675.41736,9325730936.73,12367152564.6918,,0.0,,"Disbursement September, 2022.xlsx"
NASSARAWA,9,2022,1474821380.29134,1009052772.62,2562698922.6672964,,-39238127.24,,"Disbursement September, 2022.xlsx"
NIGER,9,2022,2729780611.4174,1894493552.4,4799862985.04515,,0.0,,"Disbursement September, 2022.xlsx"
OGUN,9,2022,1947415618.29116,1682809880.44,3670343718.1625,,-115776950.4,,"Disbursement September, 2022.xlsx"
ONDO,9,2022,1859905098.15546,1486328695.48,3418692121.1862803,,-47177126.82,,"Disbursement September, 2022.xlsx"
OSUN,9,2022,2519288479.83506,2042496126.1,4681430889.252195,,-82028645.1,,"Disbursement September, 2022.xlsx"
OYO,9,2022,3177885851.50485,3351751821.87,6700346278.561195,,-83688581.46,,"Disbursement September, 2022.xlsx"
PLATEAU,9,2022,1992108636.84468,1434752322.85,3555000197.638388,,0.0,,"Disbursement September, 2022.xlsx"
RIVERS,9,2022,2469329091.69917,5352627033.73,7980791814.502537,,0.0,,"Disbursement September, 2022.xlsx"
SOKOTO,9,2022,2486996588.05837,1799475159.02,4449572595.947798,,-35989038.17,,"Disbursement September, 2022.xlsx"
TARABA,9,2022,1864012263.14561,1169794471.71,3183025271.2591996,,0.0,,"Disbursement September, 2022.xlsx"
YOBE,9,2022,1874100973.43693,1236313320.34,3260440455.008402,,0.0,,"Disbursement September, 2022.xlsx"
ZAMFARA,9,2022,1693375509.66028,1245374903.7,3074309079.0022984,,0.0,,"Disbursement September, 2022.xlsx"
FCT-ABUJA,9,2022,747911945.592221,1864395569.65,2672179613.7720995,,0.0,,"Disbursement September, 2022.xlsx"
ABIA,9,2023,1364060254.0452,1940098705.3022,4957736643.86805,901835904.5794,-136836226.2598,108411497.3107,"Disbursement September, 2023.xlsx"
ADAMAWA,9,2023,1720566235.9329,2546953552.2549,6386559296.173599,1137536559.0855,-169032985.3801,109687005.1001,"Disbursement September, 2023.xlsx"
AKWA IBOM,9,2023,2291693121.055,3264691095.6733,8285695383.899849,1515131851.9223,-249524883.1802,152983343.98,"Disbursement September, 2023.xlsx"
ANAMBRA,9,2023,1729864358.2859,2707673330.4586,6615556044.9398,1143683927.2516,-169032985.3801,156893627.1796,"Disbursement September, 2023.xlsx"
BAUCHI,9,2023,1963738365.2407,2614245179.8094,7024358585.7159,1298307578.2193,-160983795.6001,121096425.5248,"Disbursement September, 2023.xlsx"
BAYELSA,9,2023,799313394.0224,1110213749.3807,2881093749.34175,528458706.7197,-64393518.24,50338665.099,"Disbursement September, 2023.xlsx"
BENUE,9,2023,2136851266.684,2745213192.5888,7460913587.74925,1412759582.5237,-185131364.9401,129060974.9191,"Disbursement September, 2023.xlsx"
BORNO,9,2023,2319980112.3659,3103956945.9923,8284963149.8158,1533833536.339,-217328124.0597,141058978.4643,"Disbursement September, 2023.xlsx"
CROSS RIVER,9,2023,1495618108.5671,2057907141.281,5351980778.7928505,988814171.4007,-144885416.0398,99116497.5833,"Disbursement September, 2023.xlsx"
DELTA,9,2023,1916420101.6388,3395065187.4826,7643733266.362751,1267023542.9777,-201229744.5,170368594.6925,"Disbursement September, 2023.xlsx"
EBONYI,9,2023,1106361888.0722,1659445290.0208,4121884550.5377,731460997.5351,-116034994.5872,71362642.079,"Disbursement September, 2023.xlsx"
EDO,9,2023,1466320766.7494,2392088286.3869,5655854698.867849,969444503.0291,-144885416.04,134232730.866,"Disbursement September, 2023.xlsx"
EKITI,9,2023,1164311863.9677,1790370499.9658,4386137695.6011,769774091.6795,-128787036.48,86122967.6198,"Disbursement September, 2023.xlsx"
ENUGU,9,2023,1489803698.8113,2118506696.1754,5471107742.9656,984970027.8112,-136836226.2599,113413392.7214,"Disbursement September, 2023.xlsx"
GOMBE,9,2023,1020814534.9438,1568200504.4871,3858355267.0973005,674902150.9854,-88541087.5801,65441929.4847,"Disbursement September, 2023.xlsx"
IMO,9,2023,1996668360.4725,2945208472.2476,7336471773.614851,1320078942.0198,-217328124.06,149861003.3603,"Disbursement September, 2023.xlsx"
JIGAWA,9,2023,2097688105.3594,3075247944.9993,7748248370.6034,1386867218.2274,-217328124.06,136786091.1341,"Disbursement September, 2023.xlsx"
KADUNA,9,2023,2359048904.6408,3267816973.8547,8592451789.037,1559663509.4048,-185131364.9399,163957572.3946,"Disbursement September, 2023.xlsx"
KANO,9,2023,3755808040.1942,5846614666.1474,13765814195.803001,2483117979.0703,-866828795.3598,275042855.0893,"Disbursement September, 2023.xlsx"
KATSINA,9,2023,2859360590.2294,3974359468.6568,10361242793.453299,1890439983.6892,-273672452.5197,180997669.905,"Disbursement September, 2023.xlsx"
KEBBI,9,2023,1804563453.73,2397884944.4488,6365909396.18495,1193070547.9022,-169032985.3798,107313625.3833,"Disbursement September, 2023.xlsx"
KOGI,9,2023,1865148511.0223,2410780246.8179,6520539617.21195,1233125801.9024,-169032985.3802,113756953.5997,"Disbursement September, 2023.xlsx"
KWARA,9,2023,1319787936.3801,1816693890.5813,4726577123.7005,872565668.5097,-128787036.4802,91471456.2603,"Disbursement September, 2023.xlsx"
LAGOS,9,2023,2248253718.7459,13716780706.7883,19100273616.5289,1486412290.1875,-160983795.5999,449739560.0508,"Disbursement September, 2023.xlsx"
NASSARAWA,9,2023,1177478310.4743,1487148189.7436,4121977594.3926,778478966.82,-104639467.1398,71201302.1071,"Disbursement September, 2023.xlsx"
NIGER,9,2023,2179421525.3857,2864212129.767,7665158497.359001,1440904517.9476,-201229744.4999,135342315.293,"Disbursement September, 2023.xlsx"
OGUN,9,2023,1554791436.2157,2516685935.2025,6020711799.0171995,1027936073.3176,-160983795.5999,141717952.0691,"Disbursement September, 2023.xlsx"
ONDO,9,2023,1484924169.0443,2239887943.0491,5523225900.6162,981743971.5369,-144885416.04,112261294.9498,"Disbursement September, 2023.xlsx"
OSUN,9,2023,2011367330.6314,3033125218.5282,7500256471.9318,1329797031.0929,-241475693.3999,150674820.7511,"Disbursement September, 2023.xlsx"
OYO,9,2023,2537182951.9976,5088295676.6889,10782789627.4352,1677435198.198,-265623262.74,210641466.0835,"Disbursement September, 2023.xlsx"
PLATEAU,9,2023,1590473764.0387,2082051089.5454,5599542856.3346,1051527116.5243,-136836226.2598,102664683.5044,"Disbursement September, 2023.xlsx"
RIVERS,9,2023,1971480401.4598,6422905342.3583,10811273910.26095,1303426154.3346,-185131364.9402,171016367.4604,"Disbursement September, 2023.xlsx"
SOKOTO,9,2023,1985585901.9918,2592077061.5497,7026994799.792601,1312751876.4166,-185131364.94,120539921.5929,"Disbursement September, 2023.xlsx"
TARABA,9,2023,1488203276.4424,1736105838.2295,5061106846.7786,983911923.2662,-128787036.4797,81390860.0431,"Disbursement September, 2023.xlsx"
YOBE,9,2023,1496257972.2213,1896146997.0474,5234856560.5105,989237211.3775,-136836226.2599,84895968.2859,"Disbursement September, 2023.xlsx"
ZAMFARA,9,2023,1351969099.9596,1817273395.2935,4852061565.8391,893841949.1434,-112688656.9198,83798055.1741,"Disbursement September, 2023.xlsx"
FCT-ABUJA,9,2023,597123221.7338,4437397130.8143,5833616094.851399,394782531.9452,-48295138.6799,91381298.9251,"Disbursement September, 2023.xlsx"
ABIA,8,2023,1501077152.106,1640163240.1986,4530114617.278501,1113285741.7242,0.0,96842984.0921,Disbursement_August_2023.xlsx
ADAMAWA,8,2023,1893393387.7087,2007104320.2433,5682249848.5448,1404250180.6474,0.0,99974570.4347,Disbursement_August_2023.xlsx
AKWA IBOM,8,2023,2521888731.4211,2815652264.4863,7646822045.00395,1870378723.0166,0.0,138600466.5234,Disbursement_August_2023.xlsx
ANAMBRA,8,2023,1903625486.3129,2322566977.8676,6058371521.11,1411838897.5017,0.0,141312982.4836,Disbursement_August_2023.xlsx
BAUCHI,8,2023,2160991630.7117,2198545583.871,6388818573.628099,1602716533.9777,0.0,109813763.2371,Disbursement_August_2023.xlsx
BAYELSA,8,2023,879602693.1959,1144601344.9938,2826772614.5507,652364294.0959,0.0,45462815.6208,Disbursement_August_2023.xlsx
BENUE,8,2023,2351493348.1547,2340931160.6207,6832871817.7862,1744003639.378,0.0,116432178.0899,Disbursement_August_2023.xlsx
BORNO,8,2023,2553017089.7407,2548307360.8637,7498351919.0421,1893465316.1558,0.0,129349285.1251,Disbursement_August_2023.xlsx
CROSS RIVER,8,2023,1645849708.1698,1723912193.8842,4876586764.39815,1220657452.9202,0.0,90182661.2627,Disbursement_August_2023.xlsx
DELTA,8,2023,2108920350.019,2644626704.6192,6721949539.883551,1564097456.8256,0.0,153178682.1673,Disbursement_August_2023.xlsx
EBONYI,8,2023,1217493543.4282,1267232393.7806,3618155342.5068,902963715.5143,-12540183.4973,64549664.9527,Disbursement_August_2023.xlsx
EDO,8,2023,1613609511.8227,1912690668.1452,5035094521.9918,1196746256.3149,0.0,119902440.6719,Disbursement_August_2023.xlsx
EKITI,8,2023,1281264468.8865,1542490827.2678,4039742842.1328,950259926.7385,0.0,77924077.9312,Disbursement_August_2023.xlsx
ENUGU,8,2023,1639451253.548,1786502550.3203,4984039289.3569,1215911988.4448,0.0,101868112.234,Disbursement_August_2023.xlsx
GOMBE,8,2023,1123353143.9674,1255705233.9097,3436457052.981,833143743.7078,0.0,59597513.8957,Disbursement_August_2023.xlsx
IMO,8,2023,2197229372.6403,2481289633.1095,6705515020.817949,1629592541.879,0.0,135761451.3714,Disbursement_August_2023.xlsx
JIGAWA,8,2023,2308396332.0999,2643007759.6327,7126636770.9182,1712040396.5707,0.0,124835123.3754,Disbursement_August_2023.xlsx
KADUNA,8,2023,2596010257.5794,2766962071.3358,7819207581.3337,1925351539.1119,0.0,150369048.6964,Disbursement_August_2023.xlsx
KANO,8,2023,4133070823.0179,4976788916.4766,12520647751.7872,3065324663.9229,-512664445.0399,252315835.0515,Disbursement_August_2023.xlsx
KATSINA,8,2023,3146577168.3456,3285037725.6489,9390957967.965302,2333683842.8585,0.0,164444275.4262,Disbursement_August_2023.xlsx
KEBBI,8,2023,1985827944.1007,1963352642.4644,5756030698.0533495,1472805000.4513,0.0,97576381.4938,Disbursement_August_2023.xlsx
KOGI,8,2023,2052498639.1755,2032329372.3533,5953988323.942551,1522251848.7452,0.0,102500710.6998,Disbursement_August_2023.xlsx
KWARA,8,2023,1452357776.0228,1525313345.3326,4312039606.136049,1077152631.1357,0.0,84271767.9476,Disbursement_August_2023.xlsx
LAGOS,8,2023,2474085935.2363,11476661640.1572,16558779245.1209,1834925401.1589,0.0,410462871.0167,Disbursement_August_2023.xlsx
NASSARAWA,8,2023,1295753456.427,1200010136.2995,3712161203.0483,961005798.9397,0.0,65464521.8212,Disbursement_August_2023.xlsx
NIGER,8,2023,2398339697.1385,2478456457.7845,7064359493.869301,1778747604.6048,0.0,123225865.9503,Disbursement_August_2023.xlsx
OGUN,8,2023,1710966868.4159,2121295037.8976,5484167743.2422,1268952109.8215,0.0,132165818.1602,Disbursement_August_2023.xlsx
ONDO,8,2023,1634081585.5846,1931162828.2683,5073373988.804951,1211929531.732,0.0,101616621.3953,Disbursement_August_2023.xlsx
OSUN,8,2023,2213404822.5147,2595340253.7944,6912476913.1647005,1641589192.2086,0.0,137709029.1653,Disbursement_August_2023.xlsx
OYO,8,2023,2792037484.1677,4341905395.5682,9805559509.5937,2070736682.0702,0.0,191632255.5706,Disbursement_August_2023.xlsx
PLATEAU,8,2023,1750233408.7832,1758879156.7046,5108290462.61525,1298074450.04,0.0,92688880.3451,Disbursement_August_2023.xlsx
RIVERS,8,2023,2169511337.7001,6008877017.3951,10201348455.606249,1609035242.0472,0.0,155583449.1375,Disbursement_August_2023.xlsx
SOKOTO,8,2023,2185033705.2088,2176138275.5299,6411965470.2738,1620547528.6753,0.0,109970890.6436,Disbursement_August_2023.xlsx
TARABA,8,2023,1637690072.2185,1477988247.6077,4644461062.9298,1214605794.3832,0.0,74129712.0926,Disbursement_August_2023.xlsx
YOBE,8,2023,1646553844.7422,1594345693.867,4780663058.4295,1221179681.3779,0.0,77237379.1485,Disbursement_August_2023.xlsx
ZAMFARA,8,2023,1487771467.7812,1527751480.2491,4413420359.9358,1103417475.7117,0.0,76407276.649,Disbursement_August_2023.xlsx
FCT-ABUJA,8,2023,657102956.0305,3667529955.751,4996726578.7066,487345604.2997,0.0,88432067.6454,Disbursement_August_2023.xlsx
ABIA,12,2023,1378294400.63121,2026003135.15,4921499688.057661,1385458173.14,0.0,90287690.53,Disbursement_December_2023.xlsx
ADAMAWA,12,2023,1738520568.91262,2492640068.22,6176264509.79292,1747556639.77,0.0,92964916.63,Disbursement_December_2023.xlsx
AKWA IBOM,12,2023,2315607237.53386,3534980191.43,8377167232.130709,2327642752.93,0.0,129288300.38,Disbursement_December_2023.xlsx
ANAMBRA,12,2023,1747915718.38847,2993566491.04,6733555840.82377,1757000621.12,0.0,129925520.09,Disbursement_December_2023.xlsx
BAUCHI,12,2023,1984230231.08724,2723275666.23,6924314966.124439,1994543393.49,0.0,102902466.58,Disbursement_December_2023.xlsx
BAYELSA,12,2023,807654333.495178,1115553928.88,2801784307.228878,811852168.09,0.0,42431279.24,Disbursement_December_2023.xlsx
BENUE,12,2023,2159149588.23309,2966185949.43,7468538120.67264,2170371905.07,0.0,107887855.54,Disbursement_December_2023.xlsx
BORNO,12,2023,2344189407.29128,3218425994.95,8180265219.64968,2356373480.32,0.0,120259450.46,Disbursement_December_2023.xlsx
CROSS RIVER,12,2023,1511225078.51467,2121627871.09,5280759810.67202,1519079766.65,0.0,83372521.74,Disbursement_December_2023.xlsx
DELTA,12,2023,1936418195.24281,4135818497.77,8220730234.05471,1946482851.55,0.0,143767173.79,Disbursement_December_2023.xlsx
EBONYI,12,2023,1117906918.61173,1697241888.33,4054525951.93043,1123717310.68,-11514441.26,59925548.69,Disbursement_December_2023.xlsx
EDO,12,2023,1481622015.11663,2395942289.2,5522130873.84503,1489322839.45,0.0,110679557.26,Disbursement_December_2023.xlsx
EKITI,12,2023,1176461610.05827,1886506496.97,4388879155.32527,1182576343.85,0.0,72563565.83,Disbursement_December_2023.xlsx
ENUGU,12,2023,1505349994.63104,2187947326.26,5390956734.57964,1513174146.65,0.0,93929542.8,Disbursement_December_2023.xlsx
GOMBE,12,2023,1031466867.69906,1552555064.92,3739030620.20376,1036827982.12,0.0,56131859.97,Disbursement_December_2023.xlsx
IMO,12,2023,2017503855.11651,3062955817.34,7294645352.632561,2027989959.28,0.0,125513313.68,Disbursement_December_2023.xlsx
JIGAWA,12,2023,2119577754.21367,3234346702.87,7728396738.40807,2130594393.94,0.0,116372722.94,Disbursement_December_2023.xlsx
KADUNA,12,2023,2383665887.50482,3389808263.99,8452878504.09132,2396055142.05,0.0,139957579.66,Disbursement_December_2023.xlsx
KANO,12,2023,3795000386.72805,6288884430.28,13850806757.27425,3814725141.79,-512664445.04,236569477.66,Disbursement_December_2023.xlsx
KATSINA,12,2023,2889198390.75725,4125263848.65,10245497912.47565,2904215182.53,0.0,153018083.34,Disbursement_December_2023.xlsx
KEBBI,12,2023,1823394308.63118,2544356948.35,6346147096.00233,1832871516.12,0.0,90680335.53,Disbursement_December_2023.xlsx
KOGI,12,2023,1884611578.89325,2582077020.51,6512058081.401901,1894406967.03,0.0,94277236.78,Disbursement_December_2023.xlsx
KWARA,12,2023,1333560095.55335,1888468193.19,4679764334.066799,1340491358.68,0.0,77133914.83,Disbursement_December_2023.xlsx
LAGOS,12,2023,2271714539.39793,15043311777.21,20123470769.421528,2283521919.71,0.0,388265439.33,Disbursement_December_2023.xlsx
NASSARAWA,12,2023,1189765450.1455,1505098600.75,4023821196.4547997,1195949331.49,0.0,61436370.62,Disbursement_December_2023.xlsx
NIGER,12,2023,2202164073.12607,2975971047.07,7572211315.870371,2213609960.49,0.0,114229624.68,Disbursement_December_2023.xlsx
OGUN,12,2023,1571015887.54355,2605554279.93,5971065733.53605,1579181342.2,0.0,120808306.97,Disbursement_December_2023.xlsx
ONDO,12,2023,1500419546.33994,2327403563.85,5475916081.93539,1508218072.03,0.0,94745335.44,Disbursement_December_2023.xlsx
OSUN,12,2023,2032356210.94165,3234549297.8,7559048619.76525,2042919511.17,0.0,126965328.19,Disbursement_December_2023.xlsx
OYO,12,2023,2563658786.8739,5095415358.68,10569640142.447498,2576983565.91,0.0,179363160.4,Disbursement_December_2023.xlsx
PLATEAU,12,2023,1607070565.11659,2186743494.25,5543854592.56684,1615423416.24,0.0,86279707.24,Disbursement_December_2023.xlsx
RIVERS,12,2023,1992053056.46595,6254650258.15,10452778920.5105,2002406878.5,0.0,143751828.37,Disbursement_December_2023.xlsx
SOKOTO,12,2023,2006305749.7379,2712235571.77,6958299912.1912,2016733651.04,0.0,102333757.62,Disbursement_December_2023.xlsx
TARABA,12,2023,1503732871.6506,2085728565.01,5260594295.4868,1511548618.56,0.0,69125795.56,Disbursement_December_2023.xlsx
YOBE,12,2023,1511871619.22321,1945761758.47,5140094036.92401,1519729667.8,0.0,71782952.82,Disbursement_December_2023.xlsx
ZAMFARA,12,2023,1366077073.76686,1942359821.23,4835050032.31846,1373177345.95,0.0,71258158.78,Disbursement_December_2023.xlsx
FCT-ABUJA,12,2023,603354280.398046,3400349709.56,4729281486.635345,606490252.51,0.0,82791908.18,Disbursement_December_2023.xlsx
ABIA,12,2024,1384459546.2719,3558432675.52,7610419735.3546,2490534203.91,0.0,118868403.4,Disbursement_December_2024.xlsx
ADAMAWA,12,2024,1746297015.3009,4360796746.94,9512253841.2401,3141451448.33,0.0,117076176.76,Disbursement_December_2024.xlsx
AKWA IBOM,12,2024,2325965007.1554,6059535605.98,12830248850.2854,4184228728.85,0.0,162866602.26,Disbursement_December_2024.xlsx
ANAMBRA,12,2024,1755734189.5147,5112999349.55,10341801137.3306,3158428185.02,0.0,167214542.01,Disbursement_December_2024.xlsx
BAUCHI,12,2024,1993105743.0002,4775837246.39,10651069688.5164,3585441003.55,0.0,129329293.18,Disbursement_December_2024.xlsx
BAYELSA,12,2024,811266991.7085,2018667386.25,4376791106.1472,1459405727.53,0.0,53390909.87,Disbursement_December_2024.xlsx
BENUE,12,2024,2168807518.84,4930996716.98,11228256331.7132,3901514726.03,0.0,135882536.19,Disbursement_December_2024.xlsx
BORNO,12,2024,2354675025.6796,5720700118.37,12660514774.7323,4235875801.75,0.0,151547304.11,Disbursement_December_2024.xlsx
CROSS RIVER,12,2024,1517984826.4269,3735094101.59,8154256807.4831,2730735716.64,0.0,106711354.68,Disbursement_December_2024.xlsx
DELTA,12,2024,1945079842.6991,5334217801.59,11035247608.2204,3499046173.39,0.0,175241900.3,Disbursement_December_2024.xlsx
EBONYI,12,2024,1122907344.476,2724455761.6,6026280972.9935,2020022294.45,-11565945.65,76173628.95,Disbursement_December_2024.xlsx
EDO,12,2024,1488249347.7864,4026901547.81,8389528228.07345,2677243921.35,0.0,134651012.09,Disbursement_December_2024.xlsx
EKITI,12,2024,1181723952.534,3328607414.45,6826381363.5916,2125828762.06,0.0,90994653.11,Disbursement_December_2024.xlsx
ENUGU,12,2024,1512083463.1554,3788876194.73,8271704280.8504,2720119626.68,0.0,123658903.59,Disbursement_December_2024.xlsx
GOMBE,12,2024,1036080645.0292,2592645687.88,5563459808.9992,1863827868.0,0.0,70905608.09,Disbursement_December_2024.xlsx
IMO,12,2024,2026528200.7863,5357130462.96,11274949754.4476,3645565385.31,0.0,160644301.6,Disbursement_December_2024.xlsx
JIGAWA,12,2024,2129058678.9999,5823084787.19,12107740625.3455,3830009678.85,0.0,146815429.57,Disbursement_December_2024.xlsx
KADUNA,12,2024,2394328085.1844,5928108939.92,12805652781.1244,4307208547.63,0.0,176007208.39,Disbursement_December_2024.xlsx
KANO,12,2024,3811975519.2526,10809945664.02,22094070866.428,6857445160.27,0.0,294621902.5,Disbursement_December_2024.xlsx
KATSINA,12,2024,2902121848.0875,7320105586.68,15880538861.9611,5220689724.05,0.0,193937355.98,Disbursement_December_2024.xlsx
KEBBI,12,2024,1831550397.3881,4240261497.79,9558312727.902,3294815600.2,0.0,114789742.56,Disbursement_December_2024.xlsx
KOGI,12,2024,1893041494.0484,4330071361.07,9827314622.2965,3405433263.15,0.0,119291382.67,Disbursement_December_2024.xlsx
KWARA,12,2024,1339525143.5243,3386480328.25,7286984124.03995,2409700735.52,0.0,95039528.56,Disbursement_December_2024.xlsx
LAGOS,12,2024,2281875975.8738,27954847593.66,34987059705.3235,4104916017.46,0.0,453816358.53,Disbursement_December_2024.xlsx
NASSARAWA,12,2024,1195087301.0388,2671023695.96,6092957388.1888,2149868378.54,0.0,76978012.65,Disbursement_December_2024.xlsx
NIGER,12,2024,2212014408.6114,5138329135.34,11566232852.6408,3979240534.0,0.0,143779950.55,Disbursement_December_2024.xlsx
OGUN,12,2024,1578043081.2621,4449789990.7,9146621880.4242,2838775809.47,0.0,147508432.27,Disbursement_December_2024.xlsx
ONDO,12,2024,1507130960.8351,3977431552.96,8379598363.40565,2711210463.21,0.0,120550265.04,Disbursement_December_2024.xlsx
OSUN,12,2024,2041446991.5731,5521160697.66,11565596994.1865,3672403120.54,0.0,159170681.05,Disbursement_December_2024.xlsx
OYO,12,2024,2575126097.3301,9680487487.5,17361377105.3726,4632449999.76,0.0,257086237.87,Disbursement_December_2024.xlsx
PLATEAU,12,2024,1614259032.3106,3765106616.82,8462056160.27495,2903925466.64,0.0,110992277.02,Disbursement_December_2024.xlsx
RIVERS,12,2024,2000963560.0677,12240706104.92,18110348778.6768,3599576600.53,0.0,185094410.75,Disbursement_December_2024.xlsx
SOKOTO,12,2024,2015280006.0,5011952450.45,10951577025.087,3625330764.57,0.0,129795480.95,Disbursement_December_2024.xlsx
TARABA,12,2024,1510459106.7379,3236376755.01,7550912040.6979,2717197536.81,0.0,86878642.14,Disbursement_December_2024.xlsx
YOBE,12,2024,1518634259.1358,3381287556.35,7850176812.0453,2731903995.18,0.0,90834853.75,Disbursement_December_2024.xlsx
ZAMFARA,12,2024,1372187571.0001,3446550447.19,7492437886.1301,2468457882.33,0.0,90022622.01,Disbursement_December_2024.xlsx
FCT-ABUJA,12,2024,606053099.3203,5255731633.98,7100941589.8499,1090242020.66,0.0,98025982.29,Disbursement_December_2024.xlsx
ABIA,7,2023,1156086450.2713,1643704641.5473,4152368556.398,1230516144.84,0.0,86262280.8128,Disbursement_July_2023.xlsx
ADAMAWA,7,2023,1458237131.5767,2044876328.3635,5234595390.233,1552119508.87,0.0,89051722.2092,Disbursement_July_2023.xlsx
AKWA IBOM,7,2023,1942286169.233,2895390446.9752,7088610364.6028,2067331979.0,0.0,123457497.1713,Disbursement_July_2023.xlsx
ANAMBRA,7,2023,1466117599.6378,2361758196.9007,5605055524.1922,1560507327.25,0.0,125873652.5968,Disbursement_July_2023.xlsx
BAUCHI,7,2023,1664333601.9797,2220136988.1062,5856845679.7998,1771484621.37,0.0,97815921.6431,Disbursement_July_2023.xlsx
BAYELSA,7,2023,677444696.1633,1180096385.9518,2640073440.02505,721059083.14,0.0,40495718.0805,Disbursement_July_2023.xlsx
BENUE,7,2023,1811052545.76,2305003094.6405,6203496841.7999,1927649438.49,0.0,103711233.1459,Disbursement_July_2023.xlsx
BORNO,7,2023,1966260335.532,2587198628.3714,6883298947.5594,2092849619.73,0.0,115217065.2682,Disbursement_July_2023.xlsx
CROSS RIVER,7,2023,1267586109.1668,1723479973.025,4459841661.35235,1349194233.65,0.0,80329640.3683,Disbursement_July_2023.xlsx
DELTA,7,2023,1624229799.2058,2602943630.3891,6142710716.7494,1728798906.33,0.0,136442950.2416,Disbursement_July_2023.xlsx
EBONYI,7,2023,937678510.9775,1279706123.4641,3321342461.0042,998046942.04,-9658088.6634,57497209.5953,Disbursement_July_2023.xlsx
EDO,7,2023,1242755637.1962,1951483917.9984,4662289871.471049,1322765157.66,0.0,106802346.6935,Disbursement_July_2023.xlsx
EKITI,7,2023,986793043.659,1531963974.3594,3699604402.9557,1050323504.4,0.0,69410384.096,Disbursement_July_2023.xlsx
ENUGU,7,2023,1262658203.4422,1773523342.8775,4549067212.323299,1343949065.73,0.0,90738382.1985,Disbursement_July_2023.xlsx
GOMBE,7,2023,865174282.8727,1189213166.0753,3081929873.1668,920874838.49,0.0,53086112.0881,Disbursement_July_2023.xlsx
IMO,7,2023,1692242868.5845,2484889179.6512,6151652957.06285,1801190707.05,0.0,120928698.1426,Disbursement_July_2023.xlsx
JIGAWA,7,2023,1777860463.5019,2605804604.8298,6497287024.822,1892320425.6,0.0,111196104.2173,Disbursement_July_2023.xlsx
KADUNA,7,2023,1999372436.8808,2807195592.1661,7192425797.1735,2128093502.48,0.0,133940287.4664,Disbursement_July_2023.xlsx
KANO,7,2023,3183172277.1859,4946483901.6683,11426986113.887,3388107245.75,-512664445.04,224748748.6342,Disbursement_July_2023.xlsx
KATSINA,7,2023,2423403236.7709,3302678528.2738,8602067998.414799,2579423716.62,0.0,146477708.1482,Disbursement_July_2023.xlsx
KEBBI,7,2023,1529427568.4117,1964151535.1376,5255747704.5023,1627893238.3,0.0,86915550.5522,Disbursement_July_2023.xlsx
KOGI,7,2023,1580775420.2516,1986439997.2096,5390014020.6251,1682546902.55,0.0,91301865.7718,Disbursement_July_2023.xlsx
KWARA,7,2023,1118564188.0234,1514678345.7475,3933522389.9243503,1190578171.79,0.0,75064548.9662,Disbursement_July_2023.xlsx
LAGOS,7,2023,1905469830.4609,12619198161.6385,17036439046.869,2028145377.31,0.0,365617221.2266,Disbursement_July_2023.xlsx
NASSARAWA,7,2023,997952045.1465,1217671185.6017,3397940863.0748005,1062200930.59,0.0,58312112.4644,Disbursement_July_2023.xlsx
NIGER,7,2023,1847132256.4059,2422844838.0955,6402989513.477751,1966051987.4,0.0,109762667.9193,Disbursement_July_2023.xlsx
OGUN,7,2023,1317737473.1623,2185499789.9217,5105146871.27,1402574379.28,0.0,117725873.3328,Disbursement_July_2023.xlsx
ONDO,7,2023,1258522639.6135,1889511425.1079,4617066732.86225,1339547251.27,0.0,90514368.5077,Disbursement_July_2023.xlsx
OSUN,7,2023,1704700734.8579,2631264152.6873,6378653502.750601,1814450619.91,0.0,122663454.6527,Disbursement_July_2023.xlsx
OYO,7,2023,2150346968.8855,4707699079.0355,9450703209.181,2288787885.71,0.0,170695229.9117,Disbursement_July_2023.xlsx
PLATEAU,7,2023,1347979433.2134,1747375448.0556,4654421400.9969,1434763338.93,0.0,82562039.2159,Disbursement_July_2023.xlsx
RIVERS,7,2023,1670895235.2684,5636966281.1755,9276655654.3168,1778468697.43,0.0,138584981.4523,Disbursement_July_2023.xlsx
SOKOTO,7,2023,1682850116.2874,2204003386.7757,5880223928.1684,1791193242.47,0.0,97955881.8727,Disbursement_July_2023.xlsx
TARABA,7,2023,1261301792.2352,1512082025.9844,4260033936.2069006,1342505327.78,0.0,66030576.6071,Disbursement_July_2023.xlsx
YOBE,7,2023,1268128414.9037,1565573365.2825,4330808941.232301,1349771453.42,0.0,68798711.5761,Disbursement_July_2023.xlsx
ZAMFARA,7,2023,1145838794.887,1536177546.1028,4040647807.8623,1219608737.87,0.0,68059303.0197,Disbursement_July_2023.xlsx
FCT-ABUJA,7,2023,506081797.8835,2850021326.015,4004879513.0977,538663715.64,0.0,78770308.1535,Disbursement_July_2023.xlsx
ABIA,11,2023,1162897603.5543,1944557740.2903,4243151214.996,735392556.1026,0.0,119018822.7556,Disbursement_November_2023.xlsx
ADAMAWA,11,2023,1466828423.8834,2527940051.6443,5438497529.319099,927592163.4955,0.0,120707998.2566,Disbursement_November_2023.xlsx
AKWA IBOM,11,2023,1953729265.7373,3309307163.0902,7138770364.8887005,1235498253.907,0.0,167662909.7009,Disbursement_November_2023.xlsx
ANAMBRA,11,2023,1474755320.1991,2688080726.0974,5664989518.6224,932604969.8895,0.0,171982670.7415,Disbursement_November_2023.xlsx
BAUCHI,11,2023,1674139124.1143,2625403206.1027,5942644913.4684,1058691191.7191,0.0,133095499.2376,Disbursement_November_2023.xlsx
BAYELSA,11,2023,681435902.5862,1253662166.1211,2586045194.8107004,430926066.6561,0.0,55193690.8952,Disbursement_November_2023.xlsx
BENUE,11,2023,1821722471.4306,2852889599.1337,6408389204.2002,1152019868.8869,0.0,141114615.81,Disbursement_November_2023.xlsx
BORNO,11,2023,1977844677.2883,3130661069.5572,7048267432.2438,1250748344.79,0.0,155824239.1216,Disbursement_November_2023.xlsx
CROSS RIVER,11,2023,1275054169.438,2040726187.3812,4539302145.4696,806318064.434,0.0,108790529.7956,Disbursement_November_2023.xlsx
DELTA,11,2023,1633799047.3593,3467444269.9308,6714295893.1963005,1033180955.8497,0.0,184684344.6329,Disbursement_November_2023.xlsx
EBONYI,11,2023,943202900.6692,1583786551.6574,3446187848.7703996,596462138.9939,-9714989.877,78181782.7408,Disbursement_November_2023.xlsx
EDO,11,2023,1250077407.2391,2230803423.5228,4718181089.7872505,790523273.0952,0.0,144405231.3166,Disbursement_November_2023.xlsx
EKITI,11,2023,992606794.5918,1811506472.1554,3795631759.7525997,627704146.6496,0.0,96226536.7489,Disbursement_November_2023.xlsx
ENUGU,11,2023,1270097230.6585,2129167390.3401,4669339931.481799,803183398.1757,0.0,124497987.753,Disbursement_November_2023.xlsx
GOMBE,11,2023,870271509.5166,1476717097.3496,3206446606.5208006,550341825.3947,0.0,74507618.0183,Disbursement_November_2023.xlsx
IMO,11,2023,1702212819.8515,2953022681.2098,6308470775.0982,1076444420.2103,0.0,165055489.2133,Disbursement_November_2023.xlsx
JIGAWA,11,2023,1788334836.0105,3082904923.0377,6635306147.535999,1130906214.1004,0.0,151059301.9982,Disbursement_November_2023.xlsx
KADUNA,11,2023,2011151860.5855,3215419038.3603,7221803950.3391,1271811123.3068,0.0,181253846.9355,Disbursement_November_2023.xlsx
KANO,11,2023,3201926129.2885,5799292945.8483,11684049012.1049,2024832309.8045,-512664445.04,307484020.1013,Disbursement_November_2023.xlsx
KATSINA,11,2023,2437680863.5939,3940097159.827,8775410571.2501,1541539302.9981,0.0,198941101.239,Disbursement_November_2023.xlsx
KEBBI,11,2023,1538438283.4856,2383314857.1157,5384948363.365749,972876767.6888,0.0,118197272.4609,Disbursement_November_2023.xlsx
KOGI,11,2023,1590088654.3017,2419382590.3127,5523229465.6734,1005539401.1846,0.0,123604320.3181,Disbursement_November_2023.xlsx
KWARA,11,2023,1125154276.6274,1859296095.3738,4070015473.6840496,711524451.4823,0.0,101885605.3491,Disbursement_November_2023.xlsx
LAGOS,11,2023,1916696021.2781,14885110670.9234,19023377298.4695,1212079190.8519,0.0,492786822.2073,Disbursement_November_2023.xlsx
NASSARAWA,11,2023,1003831540.0122,1506029559.4283,3494417347.1469,634802445.0735,0.0,79140016.3184,Disbursement_November_2023.xlsx
NIGER,11,2023,1858014747.8746,2921701362.6898,6553069587.873199,1174970358.9897,0.0,148962005.547,Disbursement_November_2023.xlsx
OGUN,11,2023,1325501003.2293,2476934736.5438,5157130582.33,838219605.8383,0.0,159145514.5985,Disbursement_November_2023.xlsx
ONDO,11,2023,1265937301.9047,2257396931.5724,4754420676.73125,800552744.6858,0.0,124325714.1742,Disbursement_November_2023.xlsx
OSUN,11,2023,1714744082.3979,3047117685.424,6475249683.6699,1084368933.2262,0.0,166756770.0864,Disbursement_November_2023.xlsx
OYO,11,2023,2163015868.182,5055481743.5768,9404324739.905602,1367846802.1019,0.0,234872612.6325,Disbursement_November_2023.xlsx
PLATEAU,11,2023,1355921135.618,2105036079.771,4759553900.4212,857456672.6669,0.0,113166520.068,Disbursement_November_2023.xlsx
RIVERS,11,2023,1680739415.6625,6147682101.8887,9486454239.07685,1062865080.5104,0.0,188626315.4791,Disbursement_November_2023.xlsx
SOKOTO,11,2023,1692764729.5859,2692977974.5559,6045568448.8581,1070469642.0099,0.0,133019103.365,Disbursement_November_2023.xlsx
TARABA,11,2023,1268732828.0727,1807280623.6967,4309424540.3929,802320578.0085,0.0,89064402.9053,Disbursement_November_2023.xlsx
YOBE,11,2023,1275599670.2015,1852126908.5465,4371940199.7995,806663027.9109,0.0,93673316.1116,Disbursement_November_2023.xlsx
ZAMFARA,11,2023,1152589573.4882,1816470369.0932,4100879034.2566996,728873969.6378,0.0,92229014.6866,Disbursement_November_2023.xlsx
FCT-ABUJA,11,2023,509063409.4217,3909425008.1168,4981487775.2702,321921242.8755,0.0,103844354.8012,Disbursement_November_2023.xlsx
ABIA,11,2024,196073926.5049,3778346850.6013,6613054577.42995,2045240660.2773,,138423188.0807,Disbursement_November_2024.xlsx
ADAMAWA,11,2024,247319117.0921,5066797666.0979,8650330155.909101,2579777553.0782,,132295795.5058,Disbursement_November_2024.xlsx
AKWA IBOM,11,2024,329414530.8147,6627163875.3827,11343132922.750502,3436112105.8698,,186068911.7016,Disbursement_November_2024.xlsx
ANAMBRA,11,2024,248655655.8217,5334068675.6782,8993811985.738,2593718944.4819,,189855766.7597,Disbursement_November_2024.xlsx
BAUCHI,11,2024,282273375.2112,5162128218.1528,9248313530.0546,2944384266.6237,,147176302.7786,Disbursement_November_2024.xlsx
BAYELSA,11,2024,114895595.8573,2602311627.1658,4243194949.063451,1198472170.7938,,60911807.0576,Disbursement_November_2024.xlsx
BENUE,11,2024,307157119.3227,5417695180.8943,9796484993.602701,3203945780.7144,,154959512.7796,Disbursement_November_2024.xlsx
BORNO,11,2024,333480583.9371,5876089823.5875,10700198559.6652,3478524971.8807,,170524162.2107,Disbursement_November_2024.xlsx
CROSS RIVER,11,2024,214984429.1911,3935159412.6307,7012321968.7735,2242495490.0763,,120832753.2317,Disbursement_November_2024.xlsx
DELTA,11,2024,275471712.5192,6037299346.1106,10029814350.9629,2873436347.4207,,204402365.0543,Disbursement_November_2024.xlsx
EBONYI,11,2024,159031625.5361,3037178652.3671,5342826116.4957,1658853640.6341,,86426450.9806,Disbursement_November_2024.xlsx
EDO,11,2024,210773145.3941,5359166255.4638,8414062775.78705,2198567727.6878,,156477626.7977,Disbursement_November_2024.xlsx
EKITI,11,2024,167361520.9937,3757065142.0079,6195894543.2671,1745742505.4121,,103368118.4448,Disbursement_November_2024.xlsx
ENUGU,11,2024,214148649.2852,4048998811.5378,7176019428.8287,2233777497.4416,,138664176.6798,Disbursement_November_2024.xlsx
GOMBE,11,2024,146734804.0571,3260243843.8705,5328243230.6717005,1530585901.3764,,80014998.2052,Disbursement_November_2024.xlsx
IMO,11,2024,287006827.011,5693443409.9903,9823110199.23875,2993758746.2269,,182930555.7249,Disbursement_November_2024.xlsx
JIGAWA,11,2024,301527694.382,6250030927.7049,10624619468.867601,3145225434.8285,,166893416.5999,Disbursement_November_2024.xlsx
KADUNA,11,2024,339096444.0007,6382423869.3422,11175242900.465502,3537103822.9768,,198691269.5925,Disbursement_November_2024.xlsx
KANO,11,2024,539870601.3571,11225038165.8628,19093610800.1622,5631372436.241,,334900140.69,Disbursement_November_2024.xlsx
KATSINA,11,2024,411012678.1834,7694054456.4964,13649267172.976398,4287259689.731,,219699613.2049,Disbursement_November_2024.xlsx
KEBBI,11,2024,259393117.6798,4614073329.7664,8311327505.22805,2705721054.9708,,130244195.4755,Disbursement_November_2024.xlsx
KOGI,11,2024,268101787.2827,4720804399.8531,8543409895.6053,2796560900.3611,,135839403.2537,Disbursement_November_2024.xlsx
KWARA,11,2024,189710096.8028,3666587992.4457,6383672547.80725,1978859762.5535,,108311374.8989,Disbursement_November_2024.xlsx
LAGOS,11,2024,323170426.7509,25499080312.8087,30532299087.2567,3370980062.3272,,523508209.2893,Disbursement_November_2024.xlsx
NASSARAWA,11,2024,169254103.713,2843805520.6468,5224470048.407499,1765483973.3324,,87585404.1742,Disbursement_November_2024.xlsx
NIGER,11,2024,313276290.196,6071057650.555,10542459320.37335,3267774650.2652,,163424404.9679,Disbursement_November_2024.xlsx
OGUN,11,2024,223490172.7332,4808831611.34,8096400267.3206005,2331218620.4159,,168855092.6237,Disbursement_November_2024.xlsx
ONDO,11,2024,213447251.7055,4272786239.9838,7344338939.179299,2226461242.4212,,136361188.1645,Disbursement_November_2024.xlsx
OSUN,11,2024,289119699.0681,6314107960.8114,10530002464.2254,3015798044.9631,,181347856.952,Disbursement_November_2024.xlsx
OYO,11,2024,364701942.003,9563009329.4969,14934935700.0074,3804193928.0907,,282660568.8079,Disbursement_November_2024.xlsx
PLATEAU,11,2024,228619252.7,4071674971.6101,7340091215.44535,2384719884.3815,,124588977.742,Disbursement_November_2024.xlsx
RIVERS,11,2024,283386237.6644,12715313610.0075,16820346010.1803,2955992498.1677,,208084219.8113,Disbursement_November_2024.xlsx
SOKOTO,11,2024,285413802.6981,5390605200.7816,9520558808.8232,2977141962.1564,,147121223.2528,Disbursement_November_2024.xlsx
TARABA,11,2024,213918599.9916,3532851424.3164,6529513385.1788,2231377860.8476,,98461769.3967,Disbursement_November_2024.xlsx
YOBE,11,2024,215076405.0249,3742116483.3029,6846162948.243,2243454886.9641,,102743574.0491,Disbursement_November_2024.xlsx
ZAMFARA,11,2024,194335909.3971,3652361513.2356,6466578117.289301,2027111461.1509,,102338810.6275,Disbursement_November_2024.xlsx
FCT-ABUJA,11,2024,85832201.5801,5785620875.4987,7097157271.051101,895312863.6834,,113783277.5206,Disbursement_November_2024.xlsx
ABIA,9,2024,564406985.004369,3242941376.1091,5701309779.83567,1741218109.5055,0.0,118158932.7967,Disbursement_September_2024.xlsx
ADAMAWA,9,2024,711918405.982427,4022298762.7915,7133904092.74243,2196296739.6244,0.0,116143729.9741,Disbursement_September_2024.xlsx
AKWA IBOM,9,2024,948233482.483301,5690277861.4777,9784471707.4868,2925338196.7377,0.0,162518591.6031,Disbursement_September_2024.xlsx
ANAMBRA,9,2024,715765688.525728,4569950445.806,7748037281.09433,2208165760.0558,0.0,166437443.2468,Disbursement_September_2024.xlsx
BAUCHI,9,2024,812535697.581068,4333311203.3785,7880034096.82597,2506705106.133,0.0,127904865.6234,Disbursement_September_2024.xlsx
BAYELSA,9,2024,330731770.430291,2247087663.8785,3671609369.40679,1020320731.9578,0.0,53203415.6052,Disbursement_September_2024.xlsx
BENUE,9,2024,884164594.090291,4681743305.8018,8483873029.54149,2727683115.0503,0.0,136104298.9641,Disbursement_September_2024.xlsx
BORNO,9,2024,959937786.184951,5174274978.21,9362809245.37335,2961446441.5072,0.0,149508512.6312,Disbursement_September_2024.xlsx
CROSS RIVER,9,2024,618841656.643204,3420707841.4781,6091945534.4951,1909151247.4017,0.0,105324895.4121,Disbursement_September_2024.xlsx
DELTA,9,2024,792956827.500971,5760634582.9004,9228594278.50587,2446303509.3191,0.0,180110453.7304,Disbursement_September_2024.xlsx
EBONYI,9,2024,457779174.870971,2599839133.6824,4597182037.46777,1412267053.0611,-4715125.501,75910414.5143,Disbursement_September_2024.xlsx
EDO,9,2024,606719300.379903,3802409833.1134,6457780648.3294,1871753293.7684,0.0,139721132.1577,Disbursement_September_2024.xlsx
EKITI,9,2024,481757126.782233,3193812106.07,5311733906.17573,1486239993.1677,0.0,90884766.5558,Disbursement_September_2024.xlsx
ENUGU,9,2024,616435829.283107,3447590262.0019,6161419224.02471,1901729173.8289,0.0,120119008.8208,Disbursement_September_2024.xlsx
GOMBE,9,2024,422382260.76,2484826374.7761,4279476242.4016,1303066158.1258,0.0,69201448.7397,Disbursement_September_2024.xlsx
IMO,9,2024,826161136.244757,4854964572.1969,8440553190.18736,2548740129.0528,0.0,160063833.7129,Disbursement_September_2024.xlsx
JIGAWA,9,2024,867960059.326214,5134637207.25,8932281196.97321,2677691477.5677,0.0,145622906.7193,Disbursement_September_2024.xlsx
KADUNA,9,2024,976103273.882524,5376441348.5168,9536966905.78032,3011317617.2298,0.0,173104666.1512,Disbursement_September_2024.xlsx
KANO,9,2024,1554040069.6634,9460589043.9142,16288852725.9497,4794275733.8014,0.0,289498404.4707,Disbursement_September_2024.xlsx
KATSINA,9,2024,1183117157.02155,6565639742.4478,11736444479.9165,3649963721.5791,0.0,192731432.508,Disbursement_September_2024.xlsx
KEBBI,9,2024,746673920.853884,3887992712.3584,7097985221.55748,2303518892.2683,0.0,114046803.8769,Disbursement_September_2024.xlsx
KOGI,9,2024,771742189.958447,4052697235.545,7372294118.07165,2380855504.4971,0.0,119710222.6561,Disbursement_September_2024.xlsx
KWARA,9,2024,546088435.469612,3124645891.6145,5485439905.89461,1684704651.9514,0.0,96539030.5491,Disbursement_September_2024.xlsx
LAGOS,9,2024,930259568.196796,27038399856.9282,31426613368.8125,2869887952.7015,0.0,474061565.356,Disbursement_September_2024.xlsx
NASSARAWA,9,2024,487205005.169029,2439126998.9714,4506435037.20613,1503046915.7556,0.0,77056117.3101,Disbursement_September_2024.xlsx
NIGER,9,2024,901778882.970388,4745318856.0926,8628274705.15859,2782023900.3328,0.0,143896024.0128,Disbursement_September_2024.xlsx
OGUN,9,2024,643325794.607087,4053347862.569,6911034772.92129,1984685791.712,0.0,150834976.4432,Disbursement_September_2024.xlsx
ONDO,9,2024,614416827.061165,3673105927.784,6339889549.04956,1895500471.2693,0.0,119217563.4601,Disbursement_September_2024.xlsx
OSUN,9,2024,832243126.688641,5144814666.8919,8805876462.10714,2567503312.6848,0.0,159322962.6618,Disbursement_September_2024.xlsx
OYO,9,2024,1049809769.10311,7914543958.4107,12577357834.4392,3238705101.2193,0.0,245643559.5961,Disbursement_September_2024.xlsx
PLATEAU,9,2024,658090065.470097,3541864940.947,6378887640.5657,2030234157.49,0.0,108373613.3186,Disbursement_September_2024.xlsx
RIVERS,9,2024,815739118.623107,10788029693.7549,14354832106.2644,2516587788.0965,0.0,184490602.1899,Disbursement_September_2024.xlsx
SOKOTO,9,2024,821575549.237864,4411528452.0518,7997746710.77056,2534593409.8396,0.0,129364230.8613,Disbursement_September_2024.xlsx
TARABA,9,2024,615773622.785049,3010924387.675,5612804905.81165,1899686240.3126,0.0,86420655.039,Disbursement_September_2024.xlsx
YOBE,9,2024,619106412.921068,3125516529.9014,5820073457.47697,1909968031.102,0.0,89610250.2525,Disbursement_September_2024.xlsx
ZAMFARA,9,2024,559404030.184466,3031950619.9239,5475202490.85227,1725783793.9048,0.0,89508412.1091,Disbursement_September_2024.xlsx
FCT-ABUJA,9,2024,247071576.387864,2815490786.5907,3950739058.77086,762225689.2285,0.0,95672088.5938,Disbursement_September_2024.xlsx
ABIA,4,2020,1767543761.3385,679620852.8403,2688879057.6661,241714443.4873,0.0,,FAAC Disbursement April 2020.xlsx
ADAMAWA,4,2020,2229502771.0653,808553409.317,3342944259.1665,304888078.7842,0.0,,FAAC Disbursement April 2020.xlsx
AKWA IBOM,4,2020,2969566679.3395,1143936768.043,4519596452.2602,406093004.8777,0.0,,FAAC Disbursement April 2020.xlsx
ANAMBRA,4,2020,2241551240.4111,897577145.0184,3445664111.7157,306535726.2862,0.0,,FAAC Disbursement April 2020.xlsx
BAUCHI,4,2020,2544604232.9065,912047079.3694,3804630021.2082996,347978708.9324,0.0,,FAAC Disbursement April 2020.xlsx
BAYELSA,4,2020,1035747063.789,362437528.0135,1539824663.5185,141640071.716,0.0,,FAAC Disbursement April 2020.xlsx
BENUE,4,2020,2768923230.5801,937031447.3741,3945070870.9771996,378654691.543,-139538498.52,,FAAC Disbursement April 2020.xlsx
BORNO,4,2020,3006220848.2957,1053951156.1496,4471277525.7001,411105521.2548,0.0,,FAAC Disbursement April 2020.xlsx
CROSS RIVER,4,2020,1938015897.2471,703576986.4581,2868068399.0172,265026781.412,-38551266.1,,FAAC Disbursement April 2020.xlsx
DELTA,4,2020,2483289418.2718,1017315003.8282,3840198231.8174996,339593809.7175,0.0,,FAAC Disbursement April 2020.xlsx
EBONYI,4,2020,1433619260.7666,591047643.8352,2175618814.095,196049732.611,-45097823.1178,,FAAC Disbursement April 2020.xlsx
EDO,4,2020,1900052520.1896,743795200.0903,2903682949.0079,259835228.728,0.0,,FAAC Disbursement April 2020.xlsx
EKITI,4,2020,1508710605.1991,611363421.4277,2326392620.9923,206318594.3655,0.0,,FAAC Disbursement April 2020.xlsx
ENUGU,4,2020,1930481608.5975,785479701.6321,2979957765.5881004,263996455.3585,0.0,,FAAC Disbursement April 2020.xlsx
GOMBE,4,2020,1322767346.5108,481002614.6031,1930676959.2777998,180890555.5939,-53983557.43,,FAAC Disbursement April 2020.xlsx
IMO,4,2020,2587274787.5683,1036106462.6663,3977195225.9362993,353813975.7017,0.0,,FAAC Disbursement April 2020.xlsx
JIGAWA,4,2020,2718175764.4989,1056302231.4463,4146192890.1319,371714894.1867,0.0,,FAAC Disbursement April 2020.xlsx
KADUNA,4,2020,3056846031.3427,1129024567.9962,4603899195.5491,418028596.2102,0.0,,FAAC Disbursement April 2020.xlsx
KANO,4,2020,4866760871.115,2045303388.1661,7577601611.8929,665537352.6118,0.0,,FAAC Disbursement April 2020.xlsx
KATSINA,4,2020,3705147890.4166,1354851320.3439,5566684125.702701,506684914.9422,0.0,,FAAC Disbursement April 2020.xlsx
KEBBI,4,2020,2338346026.2262,813611275.7862,3471729870.4617,319772568.4493,0.0,,FAAC Disbursement April 2020.xlsx
KOGI,4,2020,2416851898.4786,817963390.265,3198235471.3118,330508372.3582,-367088189.79,,FAAC Disbursement April 2020.xlsx
KWARA,4,2020,1710175871.1324,618209719.6456,2562254883.2946,233869292.5166,0.0,,FAAC Disbursement April 2020.xlsx
LAGOS,4,2020,2913278077.4829,6606748315.7675,9918421841.5694,398395448.319,0.0,,FAAC Disbursement April 2020.xlsx
NASSARAWA,4,2020,1525771633.3411,515029799.1082,2210215022.5292997,208651717.32,-39238127.24,,FAAC Disbursement April 2020.xlsx
NIGER,4,2020,2824085599.6638,987310457.4546,4197594291.0824,386198233.964,0.0,,FAAC Disbursement April 2020.xlsx
OGUN,4,2020,2014692455.9351,846358535.4663,3020786464.7592,275512423.7578,-115776950.4,,FAAC Disbursement April 2020.xlsx
ONDO,4,2020,1924158733.657,752971734.8306,2893085133.7396,263131792.072,-47177126.82,,FAAC Disbursement April 2020.xlsx
OSUN,4,2020,2606321653.6623,1048783432.5414,3929495105.9837,356418665.18,-82028645.4,,FAAC Disbursement April 2020.xlsx
OYO,4,2020,3287671409.5869,1606766324.1724,5260343489.0956,449594336.7963,-83688581.46,,FAAC Disbursement April 2020.xlsx
PLATEAU,4,2020,2060929472.0393,713512585.4031,3056277467.29,281835409.8476,0.0,,FAAC Disbursement April 2020.xlsx
RIVERS,4,2020,2554636332.1329,1278642162.2732,4182629108.9934,349350614.5873,0.0,,FAAC Disbursement April 2020.xlsx
SOKOTO,4,2020,2572914182.6836,894398761.0508,3783174045.5216,351850139.9572,-35989038.17,,FAAC Disbursement April 2020.xlsx
TARABA,4,2020,1928407787.7634,606621941.6432,2798742586.4408,263712857.0342,0.0,,FAAC Disbursement April 2020.xlsx
YOBE,4,2020,1938845029.9832,634702885.4355,2838688082.0619,265140166.6432,0.0,,FAAC Disbursement April 2020.xlsx
ZAMFARA,4,2020,1751876092.7673,634951745.6352,2626399703.0906,239571864.6881,0.0,,FAAC Disbursement April 2020.xlsx
FCT-ABUJA,4,2020,773749856.1342,1420521743.6536,2300083133.2642,105811533.4764,0.0,,FAAC Disbursement April 2020.xlsx
ABIA,2,2021,1664264816.3406,897938878.8481,2561213275.6987,,-990419.49,,"FAAC Disbursement February, 2021.xlsx"
ADAMAWA,2,2021,2099231204.8945,1101356472.8022,3199364218.3267,,-1223459.37,,"FAAC Disbursement February, 2021.xlsx"
AKWA IBOM,2,2021,2796052608.3156,1562952417.4117,4357198966.6573,,-1806059.07,,"FAAC Disbursement February, 2021.xlsx"
ANAMBRA,2,2021,2110575672.8852,1180695099.5538,3290047313.0690002,,-1223459.37,,"FAAC Disbursement February, 2021.xlsx"
BAUCHI,2,2021,2395921045.3327,1197215916.2556,3591971762.1882997,,-1165199.4,,"FAAC Disbursement February, 2021.xlsx"
BAYELSA,2,2021,975227564.1463,739183010.1642,1713944494.5505,,-466079.76,,"FAAC Disbursement February, 2021.xlsx"
BENUE,2,2021,2607132910.9912,1242637815.9194,3848430747.6006002,,-1339979.31,,"FAAC Disbursement February, 2021.xlsx"
BORNO,2,2021,2830565045.914,1360378711.2209,4189370737.9449,,-1573019.19,,"FAAC Disbursement February, 2021.xlsx"
CROSS RIVER,2,2021,1824776133.8902,928245605.2745,2751973059.7047,,-1048679.46,,"FAAC Disbursement February, 2021.xlsx"
DELTA,2,2021,2338188902.5997,1326859907.707,3663592311.0566998,,-1456499.25,,"FAAC Disbursement February, 2021.xlsx"
EBONYI,2,2021,1349851781.8396,757260574.6452,2092856459.0564,,-14255897.4284,,"FAAC Disbursement February, 2021.xlsx"
EDO,2,2021,1789030986.2295,989803837.1009,2777786143.8704,,-1048679.46,,"FAAC Disbursement February, 2021.xlsx"
EKITI,2,2021,1420555481.111,852773773.4002,2272397094.9912,,-932159.52,,"FAAC Disbursement February, 2021.xlsx"
ENUGU,2,2021,1817682079.5363,965876458.2799,2782568118.3262,,-990419.49,,"FAAC Disbursement February, 2021.xlsx"
GOMBE,2,2021,1245477030.4159,633840509.2654,1878676680.0113,,-640859.67,,"FAAC Disbursement February, 2021.xlsx"
IMO,2,2021,2436098326.5809,1333098618.1957,3767623925.5866003,,-1573019.19,,"FAAC Disbursement February, 2021.xlsx"
JIGAWA,2,2021,2559350658.4869,1397389804.9793,3955167444.2762,,-1573019.19,,"FAAC Disbursement February, 2021.xlsx"
KADUNA,2,2021,2878232160.4764,1601836210.5816,4478728391.748,,-1339979.31,,"FAAC Disbursement February, 2021.xlsx"
KANO,2,2021,4582392280.4636,2718355289.3041,7298184131.0877,,-2563438.68,,"FAAC Disbursement February, 2021.xlsx"
KATSINA,2,2021,3488653241.9938,1804775749.8693,5291448152.8831005,,-1980838.98,,"FAAC Disbursement February, 2021.xlsx"
KEBBI,2,2021,2201714664.7227,1056446022.8698,3256937228.2225003,,-1223459.37,,"FAAC Disbursement February, 2021.xlsx"
KOGI,2,2021,2275633378.3203,1067208950.0394,3341618868.9897003,,-1223459.37,,"FAAC Disbursement February, 2021.xlsx"
KWARA,2,2021,1610248976.198,809774019.6251,2419090836.3031,,-932159.52,,"FAAC Disbursement February, 2021.xlsx"
LAGOS,2,2021,2743052992.8718,6175016009.862,8916903803.333801,,-1165199.4,,"FAAC Disbursement February, 2021.xlsx"
NASSARAWA,2,2021,1436619620.222,664002977.7207,2099865218.3327,,-757379.61,,"FAAC Disbursement February, 2021.xlsx"
NIGER,2,2021,2659072100.3115,1299650958.6536,3957266559.7151003,,-1456499.25,,"FAAC Disbursement February, 2021.xlsx"
OGUN,2,2021,1896972422.1257,1170758016.05,3066565238.7756996,,-1165199.4,,"FAAC Disbursement February, 2021.xlsx"
ONDO,2,2021,1811728655.0545,997943555.9079,2808623531.5024,,-1048679.46,,"FAAC Disbursement February, 2021.xlsx"
OSUN,2,2021,2454032269.6008,1383735286.7676,3836019757.2684,,-1747799.1,,"FAAC Disbursement February, 2021.xlsx"
OYO,2,2021,3095570233.8713,2340185690.0595,5433833344.9208,,-1922579.01,,"FAAC Disbursement February, 2021.xlsx"
PLATEAU,2,2021,1940507773.7237,974128044.722,2913645398.9557,,-990419.49,,"FAAC Disbursement February, 2021.xlsx"
RIVERS,2,2021,2405366961.2655,1744563144.2457,4148590126.2012,,-1339979.31,,"FAAC Disbursement February, 2021.xlsx"
SOKOTO,2,2021,2422576822.9136,1256898939.6373,3678135783.2409,,-1339979.31,,"FAAC Disbursement February, 2021.xlsx"
TARABA,2,2021,1815729433.653,786261996.7448,2601059270.8778,,-932159.52,,"FAAC Disbursement February, 2021.xlsx"
YOBE,2,2021,1825556819.7608,979643470.133,2804209870.4038,,-990419.49,,"FAAC Disbursement February, 2021.xlsx"
ZAMFARA,2,2021,1649512621.7262,822094843.65,2470791825.7962003,,-815639.58,,"FAAC Disbursement February, 2021.xlsx"
FCT-ABUJA,2,2021,728539055.3713,3097065264.8957,3825254760.447,,-349559.82,,"FAAC Disbursement February, 2021.xlsx"
ABIA,6,2020,1554957224.199,584033977.6152,2250421953.6382,107095688.36,0.0,,"FAAC Disbursement June, 2020.xlsx"
ADAMAWA,6,2020,1961355365.603,704881286.5767,2806790552.6863995,135085840.13,0.0,,"FAAC Disbursement June, 2020.xlsx"
AKWA IBOM,6,2020,2612410092.3438,971471090.6262,3771090719.1134005,179926401.04,0.0,,"FAAC Disbursement June, 2020.xlsx"
ANAMBRA,6,2020,1971954737.9409,780818773.5205,2894086980.146,135815858.33,0.0,,"FAAC Disbursement June, 2020.xlsx"
BAUCHI,6,2020,2238558852.8168,789062542.2598,3188040146.2079,154177875.47,0.0,,"FAAC Disbursement June, 2020.xlsx"
BAYELSA,6,2020,911175391.8116,318757228.4465,1295228923.829,62756038.74,0.0,,"FAAC Disbursement June, 2020.xlsx"
BENUE,6,2020,2435898490.786,821558025.0169,3432016944.8444996,167769390.43,0.0,,"FAAC Disbursement June, 2020.xlsx"
BORNO,6,2020,2644655780.4346,906578747.9674,3740754842.7522,182147281.53,0.0,,"FAAC Disbursement June, 2020.xlsx"
CROSS RIVER,6,2020,1704926285.8164,607616634.4426,2434720697.808,117424615.51,0.0,,"FAAC Disbursement June, 2020.xlsx"
DELTA,6,2020,2184618511.3941,917427111.4537,3258598921.7928004,150462803.5,0.0,,"FAAC Disbursement June, 2020.xlsx"
EBONYI,6,2020,1261194588.2413,497983068.411,1836944956.5675,86863162.85,-12611945.8825,,"FAAC Disbursement June, 2020.xlsx"
EDO,6,2020,1671528851.0815,644931654.775,2436244969.1654,115124409.94,0.0,,"FAAC Disbursement June, 2020.xlsx"
EKITI,6,2020,1327254524.6651,531342025.1755,1953709757.6193001,91412956.41,0.0,,"FAAC Disbursement June, 2020.xlsx"
ENUGU,6,2020,1698298163.322,644028811.8692,2464029770.755,116968112.06,0.0,,"FAAC Disbursement June, 2020.xlsx"
GOMBE,6,2020,1163675087.6447,424357831.1193,1671423759.2775002,80146632.07,0.0,,"FAAC Disbursement June, 2020.xlsx"
IMO,6,2020,2276097322.1229,910443914.2056,3349650054.9349995,156763289.49,0.0,,"FAAC Disbursement June, 2020.xlsx"
JIGAWA,6,2020,2391254538.6995,921081228.7232,3483696938.5914,164694595.38,0.0,,"FAAC Disbursement June, 2020.xlsx"
KADUNA,6,2020,2689192156.7483,962766146.638,3844670166.5593,185214667.44,0.0,,"FAAC Disbursement June, 2020.xlsx"
KANO,6,2020,4281424392.717,1772449329.9168,6360687525.313099,294877624.52,0.0,,"FAAC Disbursement June, 2020.xlsx"
KATSINA,6,2020,3259521266.1477,1190569535.4627,4683673372.0041,224495354.79,0.0,,"FAAC Disbursement June, 2020.xlsx"
KEBBI,6,2020,2057107793.1354,697150743.9097,2901674211.5148,141680666.01,0.0,,"FAAC Disbursement June, 2020.xlsx"
KOGI,6,2020,2126171584.2965,706427235.2932,2984963717.1335,146437346.22,0.0,,"FAAC Disbursement June, 2020.xlsx"
KWARA,6,2020,1504489101.5625,530038913.5347,2142342139.5595999,103619761.02,0.0,,"FAAC Disbursement June, 2020.xlsx"
LAGOS,6,2020,2562891449.5744,5400526305.7369,8147078705.357201,176515867.91,0.0,,"FAAC Disbursement June, 2020.xlsx"
NASSARAWA,6,2020,1342263583.8703,435007302.1061,1873459667.2340002,92446686.15,0.0,,"FAAC Disbursement June, 2020.xlsx"
NIGER,6,2020,2484426355.3784,855461060.3259,3517925430.0742,171111684.98,0.0,,"FAAC Disbursement June, 2020.xlsx"
OGUN,6,2020,1772380779.146,727768561.9994,2627161016.8789,122070457.39,0.0,,"FAAC Disbursement June, 2020.xlsx"
ONDO,6,2020,1692735755.0343,654870657.3419,2468910596.7583,116585008.31,0.0,,"FAAC Disbursement June, 2020.xlsx"
OSUN,6,2020,2292853378.0002,905469528.61,3362632491.3058,157917341.39,0.0,,"FAAC Disbursement June, 2020.xlsx"
OYO,6,2020,2892255637.9922,1326757780.8415,4426277139.783,199200404.77,0.0,,"FAAC Disbursement June, 2020.xlsx"
PLATEAU,6,2020,1813056763.4069,619169642.4646,2562152988.4851,124871963.74,0.0,,"FAAC Disbursement June, 2020.xlsx"
RIVERS,6,2020,2247384368.4885,1101922758.4456,3510358328.8098,154785721.57,0.0,,"FAAC Disbursement June, 2020.xlsx"
SOKOTO,6,2020,2263463900.0836,782388323.3796,3208055710.5969996,155893178.72,0.0,,"FAAC Disbursement June, 2020.xlsx"
TARABA,6,2020,1696473765.67,564336786.3335,2382382608.2711,116842459.0,0.0,,"FAAC Disbursement June, 2020.xlsx"
YOBE,6,2020,1705655696.859,561737584.815,2389623329.9969997,117474852.76,0.0,,"FAAC Disbursement June, 2020.xlsx"
ZAMFARA,6,2020,1541173942.0173,542606234.1608,2194223195.6853,106146382.44,0.0,,"FAAC Disbursement June, 2020.xlsx"
FCT-ABUJA,6,2020,680689188.486,1496849719.1204,2226318196.7451,46881596.53,0.0,,"FAAC Disbursement June, 2020.xlsx"
ABIA,3,2020,1744350690.8885,559750960.6792,2363484965.5045,2845051.6414,0.0,,FAAC Disbursement March 2020.xlsx
ADAMAWA,3,2020,2200248041.4413,676044997.3987,2951196566.4770994,3588624.3141,0.0,,FAAC Disbursement March 2020.xlsx
AKWA IBOM,3,2020,2930601098.5682,944720483.1342,3975088678.9774003,4779836.709,0.0,,FAAC Disbursement March 2020.xlsx
ANAMBRA,3,2020,2212138415.1263,746969487.7281,3034416217.0956993,3608017.6203,0.0,,FAAC Disbursement March 2020.xlsx
BAUCHI,3,2020,2511214855.7769,756737862.4731,3353442557.4907,4095813.9808,0.0,,FAAC Disbursement March 2020.xlsx
BAYELSA,3,2020,1022156365.1349,317048473.0371,1374002331.9559,1667146.2106,0.0,,FAAC Disbursement March 2020.xlsx
BENUE,3,2020,2732590420.6313,777463321.7492,3463541420.1087,4456879.5152,-139538498.52,,FAAC Disbursement March 2020.xlsx
BORNO,3,2020,2966774304.7662,871155734.2314,3938928588.6815,4838835.5332,0.0,,FAAC Disbursement March 2020.xlsx
CROSS RIVER,3,2020,1912585953.0381,586451013.1671,2525596284.0456,3119444.8648,-38551266.1,,FAAC Disbursement March 2020.xlsx
DELTA,3,2020,2450704591.9806,823781428.0646,3357915895.0764995,3997121.1972,0.0,,FAAC Disbursement March 2020.xlsx
EBONYI,3,2020,1414807826.9337,445361304.4137,1863424036.3616,2307564.2709,-44909708.7792,,FAAC Disbursement March 2020.xlsx
EDO,3,2020,1875120717.6946,626308088.3584,2565263952.7524,3058338.7294,0.0,,FAAC Disbursement March 2020.xlsx
EKITI,3,2020,1488913849.8826,505952881.8929,2045554153.1949,2428431.8599,0.0,,FAAC Disbursement March 2020.xlsx
ENUGU,3,2020,1905150526.6015,602708795.0608,2572716779.7462,3107317.6174,0.0,,FAAC Disbursement March 2020.xlsx
GOMBE,3,2020,1305410471.4351,399047951.9247,1694915241.5069,2129136.2017,-53983557.43,,FAAC Disbursement March 2020.xlsx
IMO,3,2020,2553325502.8412,851425784.1305,3491674708.2250996,4164496.8241,0.0,,FAAC Disbursement March 2020.xlsx
JIGAWA,3,2020,2682508844.4604,882193252.8813,3656023335.4853,4375196.0146,0.0,,FAAC Disbursement March 2020.xlsx
KADUNA,3,2020,3016735202.457,938461911.2803,4057896493.2412,4920322.206,0.0,,FAAC Disbursement March 2020.xlsx
KANO,3,2020,4802900993.8012,1656960906.5475,6623368114.444099,7833574.6515,0.0,,FAAC Disbursement March 2020.xlsx
KATSINA,3,2020,3656530278.8315,1124087990.4375,4905098333.169701,5963833.721,0.0,,FAAC Disbursement March 2020.xlsx
KEBBI,3,2020,2307663094.7435,673265869.9082,3059489246.5555,3763819.2306,0.0,,FAAC Disbursement March 2020.xlsx
KOGI,3,2020,2385138841.312,674663354.2727,2773911811.5660996,3890182.8688,-367088189.79,,FAAC Disbursement March 2020.xlsx
KWARA,3,2020,1687735561.4054,509418399.6717,2254609913.7185,2752711.8568,0.0,,FAAC Disbursement March 2020.xlsx
LAGOS,3,2020,2875051095.4028,5476257798.0451,8449184889.7566,4689234.155,0.0,,FAAC Disbursement March 2020.xlsx
NASSARAWA,3,2020,1505751009.3791,403182394.5179,1920955889.1976001,2455893.4181,-39238127.24,,FAAC Disbursement March 2020.xlsx
NIGER,3,2020,2787028969.0436,811443116.3323,3693351525.0919,4545669.2766,0.0,,FAAC Disbursement March 2020.xlsx
OGUN,3,2020,1988256389.6338,742826151.0503,2682992239.5278,3242864.0263,-115776950.4,,FAAC Disbursement March 2020.xlsx
ONDO,3,2020,1898910618.1409,646763326.4178,2563141849.2475,3097140.2707,-47177126.82,,FAAC Disbursement March 2020.xlsx
OSUN,3,2020,2572122442.8419,879656346.9188,3457313473.9737997,4195154.8023,-82028645.4,,FAAC Disbursement March 2020.xlsx
OYO,3,2020,3244531773.5074,1301781236.206,4573078736.49,5291860.4589,-83688581.46,,FAAC Disbursement March 2020.xlsx
PLATEAU,3,2020,2033886700.3228,609882479.2096,2713009231.4715,3317287.4728,0.0,,FAAC Disbursement March 2020.xlsx
RIVERS,3,2020,2521115317.4228,1037581235.9247,3644523436.1797,4111961.7225,0.0,,FAAC Disbursement March 2020.xlsx
SOKOTO,3,2020,2539153332.6242,746075433.6182,3335680683.0205994,4141381.8875,-35989038.17,,FAAC Disbursement March 2020.xlsx
TARABA,3,2020,1903103917.6948,496636744.6169,2464528447.2389,3103979.5799,0.0,,FAAC Disbursement March 2020.xlsx
YOBE,3,2020,1913404206.1939,529112955.5068,2507655601.6128,3120779.4428,0.0,,FAAC Disbursement March 2020.xlsx
ZAMFARA,3,2020,1728888607.8023,524996766.9636,2312742309.6099,2819832.845,0.0,,FAAC Disbursement March 2020.xlsx
FCT-ABUJA,3,2020,763596990.1536,1248053524.9731,2037645815.2828,1245433.5481,0.0,,FAAC Disbursement March 2020.xlsx
ABIA,5,2020,1378428574.1375,526843998.1833,2490155557.9491005,102495268.5416,0.0,,"FAAC Disbursement May, 2020.xlsx"
ADAMAWA,5,2020,1738689809.5397,630596094.7229,3107031846.2451,129283070.7974,0.0,,"FAAC Disbursement May, 2020.xlsx"
AKWA IBOM,5,2020,2315832656.1079,886413769.9693,4184880668.8094997,172197453.273,0.0,,"FAAC Disbursement May, 2020.xlsx"
ANAMBRA,5,2020,1748085873.6058,707871217.2242,3197689890.0961,129981730.2185,0.0,,"FAAC Disbursement May, 2020.xlsx"
BAUCHI,5,2020,1984423390.9393,710760623.8211,3537197521.5992002,147554985.5618,0.0,,"FAAC Disbursement May, 2020.xlsx"
BAYELSA,5,2020,807732956.6225,311573708.7461,1462036983.1518998,60060280.1277,0.0,,"FAAC Disbursement May, 2020.xlsx"
BENUE,5,2020,2159359776.0396,735978049.5004,3811578838.3425,160562661.1893,0.0,,"FAAC Disbursement May, 2020.xlsx"
BORNO,5,2020,2344417608.2632,825639015.164,4164819787.8002,174322933.2598,0.0,,"FAAC Disbursement May, 2020.xlsx"
CROSS RIVER,5,2020,1511372192.4907,552211100.945,2704875774.5449004,112380504.6137,0.0,,"FAAC Disbursement May, 2020.xlsx"
DELTA,5,2020,1936606700.7057,929160557.6169,3687491597.43,143999498.8296,0.0,,"FAAC Disbursement May, 2020.xlsx"
EBONYI,5,2020,1118015744.0501,451490222.8822,2032712657.407,83131854.686,-11180157.44,,"FAAC Disbursement May, 2020.xlsx"
EDO,5,2020,1481766247.308,579693732.8625,2690190320.6323004,110179107.052,0.0,,"FAAC Disbursement May, 2020.xlsx"
EKITI,5,2020,1176576135.6512,476954196.7996,2152765023.2732,87486206.5729,0.0,,"FAAC Disbursement May, 2020.xlsx"
ENUGU,5,2020,1505496536.6866,573524255.3919,2717820165.3225,111943610.7979,0.0,,"FAAC Disbursement May, 2020.xlsx"
GOMBE,5,2020,1031567278.4165,380709038.9344,1849982094.0587,76703840.3031,0.0,,"FAAC Disbursement May, 2020.xlsx"
IMO,5,2020,2017700254.0681,796114111.1583,3669947625.1119995,150029340.1175,0.0,,"FAAC Disbursement May, 2020.xlsx"
JIGAWA,5,2020,2119784089.8014,845619837.326,3864852524.3050003,157619947.5336,0.0,,"FAAC Disbursement May, 2020.xlsx"
KADUNA,5,2020,2383897931.4154,858428879.6463,4253841927.4099994,177258556.04,0.0,,"FAAC Disbursement May, 2020.xlsx"
KANO,5,2020,3795369820.5231,1598341677.2984,7004130255.6937,282210813.2896,0.0,,"FAAC Disbursement May, 2020.xlsx"
KATSINA,5,2020,2889479646.992,1068638345.4263,5184157204.42,214851895.7892,0.0,,"FAAC Disbursement May, 2020.xlsx"
KEBBI,5,2020,1823571811.5007,638564978.4742,3235899134.7408,135594608.26,0.0,,"FAAC Disbursement May, 2020.xlsx"
KOGI,5,2020,1884795041.1129,642963989.1251,3327499090.4941006,140146959.7402,0.0,,"FAAC Disbursement May, 2020.xlsx"
KWARA,5,2020,1333689914.2933,475280505.4156,2374870281.0495,99168653.6983,0.0,,"FAAC Disbursement May, 2020.xlsx"
LAGOS,5,2020,2271935685.1281,5354942895.7852,8590886837.5612,168933423.5558,0.0,,"FAAC Disbursement May, 2020.xlsx"
NASSARAWA,5,2020,1189881270.839,392798197.4337,2087559679.9057002,88475531.2502,0.0,,"FAAC Disbursement May, 2020.xlsx"
NIGER,5,2020,2202378448.2929,763305425.7786,3900178200.7860003,163761383.5952,0.0,,"FAAC Disbursement May, 2020.xlsx"
OGUN,5,2020,1571168822.0137,644897320.9888,2882731016.8879,116826778.9554,0.0,,"FAAC Disbursement May, 2020.xlsx"
ONDO,5,2020,1500565608.4238,587888671.7613,2725161404.2608,111576963.7144,0.0,,"FAAC Disbursement May, 2020.xlsx"
OSUN,5,2020,2032554055.7363,824953596.6223,3719943549.9268003,151133818.3761,0.0,,"FAAC Disbursement May, 2020.xlsx"
OYO,5,2020,2563908352.6377,1220827964.8408,4872631911.2717,190643519.7655,0.0,,"FAAC Disbursement May, 2020.xlsx"
PLATEAU,5,2020,1607227009.4118,557363827.7362,2846555611.7283998,119507943.3404,0.0,,"FAAC Disbursement May, 2020.xlsx"
RIVERS,5,2020,1992246977.8484,973848347.4143,3811428469.3747997,148136720.9206,0.0,,"FAAC Disbursement May, 2020.xlsx"
SOKOTO,5,2020,2006501058.581,706452780.695,3564335152.6247,149196605.9661,0.0,,"FAAC Disbursement May, 2020.xlsx"
TARABA,5,2020,1503879256.279,472916504.3335,2614908903.3118,111823355.3183,0.0,,"FAAC Disbursement May, 2020.xlsx"
YOBE,5,2020,1512018796.1449,505487137.9644,2659072776.5317,112428583.8657,0.0,,"FAAC Disbursement May, 2020.xlsx"
ZAMFARA,5,2020,1366210057.9562,493184645.5004,2439093233.1293,101586741.1644,0.0,,"FAAC Disbursement May, 2020.xlsx"
FCT-ABUJA,5,2020,603413015.4279,1056205486.8459,1915653535.6833,44867743.0359,0.0,,"FAAC Disbursement May, 2020.xlsx"
ABIA,10,2020,1307812903.6916,794128550.5278,2596618258.0017004,,-112660417.97,,"FAAC Disbursement October, 2020.xlsx"
ADAMAWA,10,2020,1649618276.2724,969024742.876,3245543005.6850996,,-139168751.61,,"FAAC Disbursement October, 2020.xlsx"
AKWA IBOM,10,2020,2197194607.8844,1329654537.0305,4341768102.108899,,-205439585.71,,"FAAC Disbursement October, 2020.xlsx"
ANAMBRA,10,2020,1658532988.3292,1116411553.7894,3405984445.3347006,,-139168751.61,,"FAAC Disbursement October, 2020.xlsx"
BAUCHI,10,2020,1882763144.7514,1079857547.9038,3704418262.3714,,-132541668.2,,"FAAC Disbursement October, 2020.xlsx"
BAYELSA,10,2020,766353515.3201,425468336.5693,1494693258.1719,,-53016667.28,,"FAAC Disbursement October, 2020.xlsx"
BENUE,10,2020,2048737694.3592,1110504796.6779,3958235983.8381004,,-152422918.43,,"FAAC Disbursement October, 2020.xlsx"
BORNO,10,2020,2224315178.3524,1232972541.8273,4311309573.9473,,-178931252.07,,"FAAC Disbursement October, 2020.xlsx"
CROSS RIVER,10,2020,1433945938.6623,830608478.7486,2811179249.5703998,,-119287501.38,,"FAAC Disbursement October, 2020.xlsx"
DELTA,10,2020,1837396061.0497,1213578213.7768,3738568338.5513,,-165677085.25,,"FAAC Disbursement October, 2020.xlsx"
EBONYI,10,2020,1060740791.3857,666185576.5742,2122765903.774,,-96759492.2436,,"FAAC Disbursement October, 2020.xlsx"
EDO,10,2020,1405856679.7315,883595651.0522,2823032749.3026996,,-119287501.38,,"FAAC Disbursement October, 2020.xlsx"
EKITI,10,2020,1116301186.1847,760525534.42,2289194190.2747,,-106033334.56,,"FAAC Disbursement October, 2020.xlsx"
ENUGU,10,2020,1428371287.4814,871546061.0766,2850580443.3942,,-112660417.97,,"FAAC Disbursement October, 2020.xlsx"
GOMBE,10,2020,978721003.7949,570977223.7795,1931310044.3221002,,-72897917.51,,"FAAC Disbursement October, 2020.xlsx"
IMO,10,2020,1914335263.7645,1196088855.6831,3820493929.6211996,,-178931252.07,,"FAAC Disbursement October, 2020.xlsx"
JIGAWA,10,2020,2011189435.3448,1260836175.2259,4027073676.6683,,-178931252.07,,"FAAC Disbursement October, 2020.xlsx"
KADUNA,10,2020,2261772959.6471,1391199739.6778,4550897962.710199,,-152422918.43,,"FAAC Disbursement October, 2020.xlsx"
KANO,10,2020,3600936398.6586,2415997422.8117,7397586477.7369995,,-291591670.04,,"FAAC Disbursement October, 2020.xlsx"
KATSINA,10,2020,2741454173.3907,1601635195.4854,5390876602.545,,-225320835.94,,"FAAC Disbursement October, 2020.xlsx"
KEBBI,10,2020,1730151848.7321,957167554.9988,3351618498.3648005,,-139168751.61,,"FAAC Disbursement October, 2020.xlsx"
KOGI,10,2020,1788238666.7179,957985963.2453,3437498750.2727003,,-139168751.61,,"FAAC Disbursement October, 2020.xlsx"
KWARA,10,2020,1265366165.6193,727691180.7189,2474649328.3334002,,-106033334.56,,"FAAC Disbursement October, 2020.xlsx"
LAGOS,10,2020,2155546439.7038,7616803559.1413,10640825817.4379,,-132541668.2,,"FAAC Disbursement October, 2020.xlsx"
NASSARAWA,10,2020,1128924711.1248,586087515.402,2153123204.3574,,-86152084.33,,"FAAC Disbursement October, 2020.xlsx"
NIGER,10,2020,2089552558.2762,1167600228.8785,4061846189.8141003,,-165677085.25,,"FAAC Disbursement October, 2020.xlsx"
OGUN,10,2020,1490679240.0132,1005682998.24,3056079367.6215,,-132541668.2,,"FAAC Disbursement October, 2020.xlsx"
ONDO,10,2020,1423692966.2901,907739025.8263,2873295430.8552003,,-119287501.38,,"FAAC Disbursement October, 2020.xlsx"
OSUN,10,2020,1928428118.3785,1235221877.716,3860383158.2078004,,-198812502.3,,"FAAC Disbursement October, 2020.xlsx"
OYO,10,2020,2432561607.0173,1938523323.7914,5282052159.5842,,-218693752.53,,"FAAC Disbursement October, 2020.xlsx"
PLATEAU,10,2020,1524890198.5262,839459571.3905,2959835428.5274,,-112660417.97,,"FAAC Disbursement October, 2020.xlsx"
RIVERS,10,2020,1890185936.258,1563042510.7818,4178591847.954,,-152422918.43,,"FAAC Disbursement October, 2020.xlsx"
SOKOTO,10,2020,1903709793.1062,1079145300.8556,3714498859.3097005,,-152422918.43,,"FAAC Disbursement October, 2020.xlsx"
TARABA,10,2020,1426836858.9114,710830887.9873,2694245349.5294003,,-106033334.56,,"FAAC Disbursement October, 2020.xlsx"
YOBE,10,2020,1434559417.3861,763985353.2318,2752081580.5041003,,-112660417.97,,"FAAC Disbursement October, 2020.xlsx"
ZAMFARA,10,2020,1296220331.2324,740303040.1822,2545697933.0855,,-92779167.74,,"FAAC Disbursement October, 2020.xlsx"
FCT-ABUJA,10,2020,572500703.0749,1656876377.9792,2455479052.0910997,,-39762500.46,,"FAAC Disbursement October, 2020.xlsx"
ABIA,9,2020,2044931305.259,841625017.6357,2773895904.9247,,-112660417.97,,"FAAC Disbursement September, 2020.xlsx"
ADAMAWA,9,2020,2579387346.1223,1028838150.2663,3469056744.7785997,,-139168751.61,,"FAAC Disbursement September, 2020.xlsx"
AKWA IBOM,9,2020,3435592373.1345,1412069017.7974,4642221805.2219,,-205439585.71,,"FAAC Disbursement September, 2020.xlsx"
ANAMBRA,9,2020,2593326628.8064,1164864452.7681,3619022329.9644995,,-139168751.61,,"FAAC Disbursement September, 2020.xlsx"
BAUCHI,9,2020,2943938910.6979,1131758423.4094,3943155665.9073,,-132541668.2,,"FAAC Disbursement September, 2020.xlsx"
BAYELSA,9,2020,1198290894.6302,456360958.3581,1601635185.7082999,,-53016667.28,,"FAAC Disbursement September, 2020.xlsx"
BENUE,9,2020,3203461164.5397,1199501224.1155,4250539470.2252,,-152422918.43,,"FAAC Disbursement September, 2020.xlsx"
BORNO,9,2020,3477998823.9428,1305626518.5724,4604694090.4452,,-178931252.07,,"FAAC Disbursement September, 2020.xlsx"
CROSS RIVER,9,2020,2242156299.0721,879632153.6367,3002500951.3288,,-119287501.38,,"FAAC Disbursement September, 2020.xlsx"
DELTA,9,2020,2873001722.7963,1274025760.1595,3981350397.7058,,-165677085.25,,"FAAC Disbursement September, 2020.xlsx"
EBONYI,9,2020,1658602728.9894,694936784.332,2250801401.7016,,-102738111.6198,,"FAAC Disbursement September, 2020.xlsx"
EDO,9,2020,2198235181.0235,921354776.3711,3000302456.0146,,-119287501.38,,"FAAC Disbursement September, 2020.xlsx"
EKITI,9,2020,1745478451.3012,787431391.5298,2426876508.271,,-106033334.56,,"FAAC Disbursement September, 2020.xlsx"
ENUGU,9,2020,2233439625.0867,904495528.9464,3025274736.0631,,-112660417.97,,"FAAC Disbursement September, 2020.xlsx"
GOMBE,9,2020,1530354391.0028,612094893.5176,2069551367.0104,,-72897917.51,,"FAAC Disbursement September, 2020.xlsx"
IMO,9,2020,2993305922.112,1269392832.9056,4083767502.9476,,-178931252.07,,"FAAC Disbursement September, 2020.xlsx"
JIGAWA,9,2020,3144749700.4611,1329112516.1693,4294930964.5604,,-178931252.07,,"FAAC Disbursement September, 2020.xlsx"
KADUNA,9,2020,3536568814.6338,1460867122.2745,4845013018.4783,,-152422918.43,,"FAAC Disbursement September, 2020.xlsx"
KANO,9,2020,5630520657.105,2540322066.4226,7879251053.487599,,-291591670.04,,"FAAC Disbursement September, 2020.xlsx"
KATSINA,9,2020,4286611215.7758,1743169379.0698,5804459758.9056,,-225320835.94,,"FAAC Disbursement September, 2020.xlsx"
KEBBI,9,2020,2705311798.2987,1026481876.5329,3592624923.2215996,,-139168751.61,,"FAAC Disbursement September, 2020.xlsx"
KOGI,9,2020,2796137903.6132,1047062588.333,3704031740.3361998,,-139168751.61,,"FAAC Disbursement September, 2020.xlsx"
KWARA,9,2020,1978560448.0477,768425675.8876,2640952789.3753,,-106033334.56,,"FAAC Disbursement September, 2020.xlsx"
LAGOS,9,2020,3370470181.2071,7649321433.1512,10887249946.1583,,-132541668.2,,"FAAC Disbursement September, 2020.xlsx"
NASSARAWA,9,2020,1765216933.205,622737882.7819,2301802731.6569,,-86152084.33,,"FAAC Disbursement September, 2020.xlsx"
NIGER,9,2020,3267280379.588,1240372444.6313,4341975738.969299,,-165677085.25,,"FAAC Disbursement September, 2020.xlsx"
OGUN,9,2020,2330866009.5021,1057503421.6797,3255827762.9818,,-132541668.2,,"FAAC Disbursement September, 2020.xlsx"
ONDO,9,2020,2226124476.6939,937819370.2938,3044656345.6077,,-119287501.38,,"FAAC Disbursement September, 2020.xlsx"
OSUN,9,2020,3015341887.2709,1310634614.8372,4127163999.8080997,,-198812502.3,,"FAAC Disbursement September, 2020.xlsx"
OYO,9,2020,3803618520.7534,1879751081.9712,5464675850.194599,,-218693752.53,,"FAAC Disbursement September, 2020.xlsx"
PLATEAU,9,2020,2384359181.0778,893467023.1408,3165165786.2486,,-112660417.97,,"FAAC Disbursement September, 2020.xlsx"
RIVERS,9,2020,2955545386.4265,1586656431.7646,4389778899.7611,,-152422918.43,,"FAAC Disbursement September, 2020.xlsx"
SOKOTO,9,2020,2976691651.4308,1130445635.0436,3954714368.0444,,-152422918.43,,"FAAC Disbursement September, 2020.xlsx"
TARABA,9,2020,2231040351.4518,753274684.2191,2878281701.1109,,-106033334.56,,"FAAC Disbursement September, 2020.xlsx"
YOBE,9,2020,2243115550.8456,817408756.4759,2947863889.3515,,-112660417.97,,"FAAC Disbursement September, 2020.xlsx"
ZAMFARA,9,2020,2026804848.2838,793734536.7901,2727760217.3339,,-92779167.74,,"FAAC Disbursement September, 2020.xlsx"
FCT-ABUJA,9,2020,895177442.1985,2427340578.6134,3282755520.3519,,-39762500.46,,"FAAC Disbursement September, 2020.xlsx"
ABIA,8,2024,461343504.6086,3593047254.5363,6467040441.89405,2175775433.6513,0.0,147290732.5906,FAAC_Disbursement_August_2024.xlsx
ADAMAWA,8,2024,581918617.4824,4352636079.9286,7988627341.2053,2744428434.8962,0.0,145819719.2501,FAAC_Disbursement_August_2024.xlsx
AKWA IBOM,8,2024,775081403.3471,6179776985.0269,10964009571.3923,3655417405.1136,0.0,203228748.5782,FAAC_Disbursement_August_2024.xlsx
ANAMBRA,8,2024,585063367.3865,4832899578.92,8550408949.1291,2759259617.122,0.0,208476571.1429,FAAC_Disbursement_August_2024.xlsx
BAUCHI,8,2024,664162698.7284,4707365633.4498,8850983929.6164,3132305688.5055,0.0,160171675.3904,FAAC_Disbursement_August_2024.xlsx
BAYELSA,8,2024,270338528.9509,2202327486.9524,3866842794.6722,1274963068.0497,0.0,66719471.982,FAAC_Disbursement_August_2024.xlsx
BENUE,8,2024,722711807.8366,4932180582.6191,9374398046.1545,3408433372.0824,0.0,170736363.5902,FAAC_Disbursement_August_2024.xlsx
BORNO,8,2024,784648443.8554,5576948500.4058,10471221718.7732,3700537216.0624,0.0,188189606.39,FAAC_Disbursement_August_2024.xlsx
CROSS RIVER,8,2024,505838138.5398,3692949784.9725,6814280741.8004,2385619791.4233,0.0,131649558.2756,FAAC_Disbursement_August_2024.xlsx
DELTA,8,2024,648159026.2384,5471511706.0674,9529111571.80445,3056829612.4281,0.0,226751939.4767,FAAC_Disbursement_August_2024.xlsx
EBONYI,8,2024,374186454.9566,2920583099.1485,5255874959.8686,1764727774.7864,-3854120.4862,94889005.6313,FAAC_Disbursement_August_2024.xlsx
EDO,8,2024,495929383.9158,4075334246.3653,7182236072.5473,2338888397.844,0.0,175784654.2573,FAAC_Disbursement_August_2024.xlsx
EKITI,8,2024,393785915.3854,3335426013.717,5811354760.228,1857162206.1543,0.0,114120146.0653,FAAC_Disbursement_August_2024.xlsx
ENUGU,8,2024,503871627.0414,3772575351.1675,6945628847.0471,2376345384.468,0.0,150984153.7037,FAAC_Disbursement_August_2024.xlsx
GOMBE,8,2024,345253190.7663,2680471663.0466,4777713357.4916,1628273517.1402,0.0,86830020.7047,FAAC_Disbursement_August_2024.xlsx
IMO,8,2024,675300065.5431,5298705473.2934,9490189027.2695,3184831428.8034,0.0,200222534.7425,FAAC_Disbursement_August_2024.xlsx
JIGAWA,8,2024,709466300.5043,5667062452.1119,10104856385.9175,3345965277.9769,0.0,182630036.9036,FAAC_Disbursement_August_2024.xlsx
KADUNA,8,2024,797862034.3073,5940287581.8345,10803616792.7488,3762854784.6604,0.0,217373168.4944,FAAC_Disbursement_August_2024.xlsx
KANO,8,2024,1270264739.9645,10353899364.616,18339098222.5324,5990787315.3921,0.0,366535847.1958,FAAC_Disbursement_August_2024.xlsx
KATSINA,8,2024,967074168.2593,7136988272.5414,13179478518.3423,4560888354.9841,0.0,242272415.1885,FAAC_Disbursement_August_2024.xlsx
KEBBI,8,2024,610327605.0771,4322545609.9722,8072963448.2442,2878410113.8104,0.0,143166923.6031,FAAC_Disbursement_August_2024.xlsx
KOGI,8,2024,630818285.4379,4423516467.9368,8301855402.4244,2975047691.889,0.0,149980888.4051,FAAC_Disbursement_August_2024.xlsx
KWARA,8,2024,446370011.9585,3336417961.3926,6095595216.4914,2105157863.1447,0.0,120973410.929,FAAC_Disbursement_August_2024.xlsx
LAGOS,8,2024,760389613.8602,30523288206.8917,35677956210.3412,3586128395.2494,0.0,594081503.1769,FAAC_Disbursement_August_2024.xlsx
NASSARAWA,8,2024,398238984.4904,2684272761.5843,5099335335.7419,1878163647.0893,0.0,96114263.8431,FAAC_Disbursement_August_2024.xlsx
NIGER,8,2024,737109641.2785,5271005518.2315,9807505357.6134,3476336034.602,0.0,179922477.3341,FAAC_Disbursement_August_2024.xlsx
OGUN,8,2024,525851352.968,4445793366.4256,7788559787.7471,2480005557.9202,0.0,188869343.0592,FAAC_Disbursement_August_2024.xlsx
ONDO,8,2024,502221304.5158,3990691727.5332,7108162801.9128,2368562179.1711,0.0,149166437.6386,FAAC_Disbursement_August_2024.xlsx
OSUN,8,2024,680271454.7373,5506018960.1159,9785681868.4723,3208277356.5602,0.0,199600850.1102,FAAC_Disbursement_August_2024.xlsx
OYO,8,2024,858109362.4249,8650592900.6182,14092309971.836,4046991561.6007,0.0,295037128.8596,FAAC_Disbursement_August_2024.xlsx
PLATEAU,8,2024,537919595.6438,3861612492.4461,7177686612.1519,2536921469.1212,0.0,136780020.5002,FAAC_Disbursement_August_2024.xlsx
RIVERS,8,2024,666781159.3952,11338144318.9671,15510714944.5929,3144654800.0364,0.0,231659339.4525,FAAC_Disbursement_August_2024.xlsx
SOKOTO,8,2024,671551829.1878,4890413433.862,9080504646.2667,3167154100.5222,0.0,162326826.0939,FAAC_Disbursement_August_2024.xlsx
TARABA,8,2024,503330342.6942,3198430362.6518,6237565105.4952,2373792594.2497,0.0,108238740.2486,FAAC_Disbursement_August_2024.xlsx
YOBE,8,2024,506054549.0244,3410911593.2141,6558724548.2719,2386640420.5459,0.0,112651108.2695,FAAC_Disbursement_August_2024.xlsx
ZAMFARA,8,2024,457254113.8473,3678672182.3874,6533336504.3035,2156489162.4283,0.0,112192698.4289,FAAC_Disbursement_August_2024.xlsx
FCT-ABUJA,8,2024,201955096.1776,3551973068.3024,4888097689.3224,952455020.1197,0.0,124859148.0301,FAAC_Disbursement_August_2024.xlsx
ABIA,8,2020,2067176752.6834,743754086.1714,2810930838.8547997,,0.0,,"Faac Disbursement August, 2020.xlsx"
ADAMAWA,8,2020,2607446785.3058,913726903.65,3521173688.9558,,0.0,,"Faac Disbursement August, 2020.xlsx"
AKWA IBOM,8,2020,3472965897.2776,1244750707.6804,4717716604.958,,0.0,,"Faac Disbursement August, 2020.xlsx"
ANAMBRA,8,2020,2621537704.1742,1031363641.5392,3652901345.7134,,0.0,,"Faac Disbursement August, 2020.xlsx"
BAUCHI,8,2020,2975964063.8606,1007179696.5645,3983143760.4251,,0.0,,"Faac Disbursement August, 2020.xlsx"
BAYELSA,8,2020,1211326304.1949,389017092.5508,1600343396.7457001,,0.0,,"Faac Disbursement August, 2020.xlsx"
BENUE,8,2020,3238309487.6733,1038081472.8009,4276390960.4742,,0.0,,"Faac Disbursement August, 2020.xlsx"
BORNO,8,2020,3515833659.656,1153016966.5937,4668850626.249701,,0.0,,"Faac Disbursement August, 2020.xlsx"
CROSS RIVER,8,2020,2266547226.014,773870776.9793,3040418002.9933,,0.0,,"Faac Disbursement August, 2020.xlsx"
DELTA,8,2020,2904255197.4775,1114459507.4821,4018714704.9596,,0.0,,"Faac Disbursement August, 2020.xlsx"
EBONYI,8,2020,1676645564.8098,635338816.4559,2295217925.6175,,-16766455.6482,,"Faac Disbursement August, 2020.xlsx"
EDO,8,2020,2222148319.3374,830529255.7906,3052677575.128,,0.0,,"Faac Disbursement August, 2020.xlsx"
EKITI,8,2020,1764466350.3168,672745862.0013,2437212212.3181,,0.0,,"Faac Disbursement August, 2020.xlsx"
ENUGU,8,2020,2257735729.1303,795627148.9446,3053362878.0749,,0.0,,"Faac Disbursement August, 2020.xlsx"
GOMBE,8,2020,1547002098.4627,539123819.2515,2086125917.7142,,0.0,,"Faac Disbursement August, 2020.xlsx"
IMO,8,2020,3025868106.1539,1119279197.1094,4145147303.2633,,0.0,,"Faac Disbursement August, 2020.xlsx"
JIGAWA,8,2020,3178959340.6306,1171108589.7153,4350067930.3459,,0.0,,"Faac Disbursement August, 2020.xlsx"
KADUNA,8,2020,3575040794.3159,1232831692.4057,4807872486.7216,,0.0,,"Faac Disbursement August, 2020.xlsx"
KANO,8,2020,5691771346.0285,2270351940.4627,7962123286.4911995,,0.0,,"Faac Disbursement August, 2020.xlsx"
KATSINA,8,2020,4333242407.8277,1495347530.3316,5828589938.1593,,0.0,,"Faac Disbursement August, 2020.xlsx"
KEBBI,8,2020,2734741085.8355,897237587.6015,3631978673.437,,0.0,,"Faac Disbursement August, 2020.xlsx"
KOGI,8,2020,2826555227.934,899990819.1998,3726546047.1338,,0.0,,"Faac Disbursement August, 2020.xlsx"
KWARA,8,2020,2000083891.0648,672767883.4468,2672851774.5116,,0.0,,"Faac Disbursement August, 2020.xlsx"
LAGOS,8,2020,3407135284.3419,7563575820.1829,10970711104.5248,,0.0,,"Faac Disbursement August, 2020.xlsx"
NASSARAWA,8,2020,1784419554.0358,543535307.7348,2327954861.7706,,0.0,,"Faac Disbursement August, 2020.xlsx"
NIGER,8,2020,3302822949.5107,1079932676.9035,4382755626.4142,,0.0,,"Faac Disbursement August, 2020.xlsx"
OGUN,8,2020,2356221950.3758,936058884.1464,3292280834.5222,,0.0,,"Faac Disbursement August, 2020.xlsx"
ONDO,8,2020,2250341004.1041,829289867.8063,3079630871.9104004,,0.0,,"Faac Disbursement August, 2020.xlsx"
OSUN,8,2020,3048143785.92,1166226951.1821,4214370737.1021004,,0.0,,"Faac Disbursement August, 2020.xlsx"
OYO,8,2020,3844995556.553,1692808231.8681,5537803788.4211,,0.0,,"Faac Disbursement August, 2020.xlsx"
PLATEAU,8,2020,2410297038.5827,783584840.5047,3193881879.0873995,,0.0,,"Faac Disbursement August, 2020.xlsx"
RIVERS,8,2020,2987696798.7183,1361631024.8699,4349327823.5882,,0.0,,"Faac Disbursement August, 2020.xlsx"
SOKOTO,8,2020,3009073099.8735,988873262.4941,3997946362.3676,,0.0,,"Faac Disbursement August, 2020.xlsx"
TARABA,8,2020,2255310355.3937,710403442.3289,2965713797.7226,,0.0,,"Faac Disbursement August, 2020.xlsx"
YOBE,8,2020,2267516912.8493,717445147.6139,2984962060.4631996,,0.0,,"Faac Disbursement August, 2020.xlsx"
ZAMFARA,8,2020,2048853110.0399,692114483.9204,2740967593.9603,,0.0,,"Faac Disbursement August, 2020.xlsx"
FCT-ABUJA,8,2020,904915482.1386,1460673092.407,2365588574.5456,,0.0,,"Faac Disbursement August, 2020.xlsx"
ABIA,12,2020,1543125175.605,883142265.9422,2342873657.2001,29266633.6229,-112660417.97,,"Faac Disbursement December, 2020.xlsx"
ADAMAWA,12,2020,1946430934.4776,1050168884.1798,2894346724.9163,36915657.8689,-139168751.61,,"Faac Disbursement December, 2020.xlsx"
AKWA IBOM,12,2020,2592531627.0852,1470901449.5848,3907162977.9757996,49169487.0158,-205439585.71,,"Faac Disbursement December, 2020.xlsx"
ANAMBRA,12,2020,1956949653.6075,1188908327.498,3043804383.4936,37115153.9981,-139168751.61,,"Faac Disbursement December, 2020.xlsx"
BAUCHI,12,2020,2221525112.7787,1195219532.9675,3326336021.9602995,42133044.4141,-132541668.2,,"Faac Disbursement December, 2020.xlsx"
BAYELSA,12,2020,904242036.1244,451848853.9005,1320223914.0311,17149691.2862,-53016667.28,,"Faac Disbursement December, 2020.xlsx"
BENUE,12,2020,2417363145.3344,1231554262.4214,3542341762.5262003,45847273.2004,-152422918.43,,"Faac Disbursement December, 2020.xlsx"
BORNO,12,2020,2624531949.874,1351055924.9104,3846433022.0779,49776399.3635,-178931252.07,,"Faac Disbursement December, 2020.xlsx"
CROSS RIVER,12,2020,1691953086.0724,922542950.28,2527297811.8892,32089276.9168,-119287501.38,,"Faac Disbursement December, 2020.xlsx"
DELTA,12,2020,2167995216.5635,1325807201.8255,3369243139.2005,41117806.0615,-165677085.25,,"Faac Disbursement December, 2020.xlsx"
EBONYI,12,2020,1251597851.1592,716100626.7251,1892767994.0363,23737578.9937,-98668062.8417,,"Faac Disbursement December, 2020.xlsx"
EDO,12,2020,1658809780.56,975247569.8432,2546230535.9881997,31460686.965,-119287501.38,,"Faac Disbursement December, 2020.xlsx"
EKITI,12,2020,1317155121.4223,798400513.3728,2034503226.5868,24980926.3517,-106033334.56,,"Faac Disbursement December, 2020.xlsx"
ENUGU,12,2020,1685375398.5773,971246871.018,2575926377.3081,31964525.6828,-112660417.97,,"Faac Disbursement December, 2020.xlsx"
GOMBE,12,2020,1154820400.2163,627199039.8193,1731023637.8483,21902115.3227,-72897917.51,,"Faac Disbursement December, 2020.xlsx"
IMO,12,2020,2258777942.7206,1324218552.3203,3446904817.8353004,42839574.8644,-178931252.07,,"Faac Disbursement December, 2020.xlsx"
JIGAWA,12,2020,2373058899.963,1389306657.2621,3628441312.0319996,45007006.8769,-178931252.07,,"Faac Disbursement December, 2020.xlsx"
KADUNA,12,2020,2668729438.0429,1636671988.3052,4203593148.8669004,50614640.9488,-152422918.43,,"Faac Disbursement December, 2020.xlsx"
KANO,12,2020,4248845990.766,2619042621.6599,6656879788.7407,80582846.3548,-291591670.04,,"Faac Disbursement December, 2020.xlsx"
KATSINA,12,2020,3234718774.2115,1761537192.2573,4832284223.094299,61349092.5655,-225320835.94,,"Faac Disbursement December, 2020.xlsx"
KEBBI,12,2020,2041454758.4457,1047915923.142,2988919792.5449,38717862.5672,-139168751.61,,"Faac Disbursement December, 2020.xlsx"
KOGI,12,2020,2109993026.3827,1070063958.8095,3080905980.5713997,40017746.9892,-139168751.61,,"Faac Disbursement December, 2020.xlsx"
KWARA,12,2020,1493041077.217,799708554.5953,2215033044.9028,28316747.6505,-106033334.56,,"Faac Disbursement December, 2020.xlsx"
LAGOS,12,2020,2543389783.7404,8691916502.6194,11151002089.8425,48237471.6827,-132541668.2,,"Faac Disbursement December, 2020.xlsx"
NASSARAWA,12,2020,1332049973.037,649419184.1266,1920580492.2532,25263419.4196,-86152084.33,,"Faac Disbursement December, 2020.xlsx"
NIGER,12,2020,2465521749.5748,1271506647.6036,3618111952.5266,46760640.5982,-165677085.25,,"Faac Disbursement December, 2020.xlsx"
OGUN,12,2020,1758894301.7177,1109870894.4912,2769582399.9419003,33358871.933,-132541668.2,,"Faac Disbursement December, 2020.xlsx"
ONDO,12,2020,1679855316.011,985334691.7352,2577762339.1589003,31859832.7927,-119287501.38,,"Faac Disbursement December, 2020.xlsx"
OSUN,12,2020,2275406497.6838,1366966470.4865,3486715414.9076004,43154949.0373,-198812502.3,,"Faac Disbursement December, 2020.xlsx"
OYO,12,2020,2870247759.7544,2027686219.3565,4733676827.654699,54436601.0738,-218693752.53,,"Faac Disbursement December, 2020.xlsx"
PLATEAU,12,2020,1799260772.498,919368044.2623,2640092853.9241,34124455.1338,-112660417.97,,"Faac Disbursement December, 2020.xlsx"
RIVERS,12,2020,2230283472.9502,1588296264.4022,3708455972.815,42299153.8926,-152422918.43,,"Faac Disbursement December, 2020.xlsx"
SOKOTO,12,2020,2246240651.4697,1183886665.1711,3320306193.0716996,42601794.8609,-152422918.43,,"Faac Disbursement December, 2020.xlsx"
TARABA,12,2020,1683564883.2124,780544733.7333,2390006470.1605997,31930187.7749,-106033334.56,,"Faac Disbursement December, 2020.xlsx"
YOBE,12,2020,1692676946.8485,834824764.6125,2446944299.0206,32103005.5296,-112660417.97,,"Faac Disbursement December, 2020.xlsx"
ZAMFARA,12,2020,1529446773.7773,828719224.0075,2294394041.567,29007211.5222,-92779167.74,,"Faac Disbursement December, 2020.xlsx"
FCT-ABUJA,12,2020,675509658.509,1987790578.7111,2636349331.0475,12811594.2874,-39762500.46,,"Faac Disbursement December, 2020.xlsx"
ABIA,7,2020,1633397737.7756,720666898.2303,2734858403.9736996,167005226.0175,0.0,,"Faac Disbursement July, 2020.xlsx"
ADAMAWA,7,2020,2060296815.4323,881795862.1754,3422409363.0884,210653123.4657,0.0,,"Faac Disbursement July, 2020.xlsx"
AKWA IBOM,7,2020,2744194289.4439,1203425412.3985,4587373302.172001,280577581.899,0.0,,"Faac Disbursement July, 2020.xlsx"
ANAMBRA,7,2020,2071430877.8548,952574906.3723,3506918151.999,211791515.2783,0.0,,"Faac Disbursement July, 2020.xlsx"
BAUCHI,7,2020,2351483956.7062,978407908.6757,3878092965.1389,240425280.7406,0.0,,"Faac Disbursement July, 2020.xlsx"
BAYELSA,7,2020,957140042.5299,388659235.0677,1568937191.1862998,97861889.6282,0.0,,"Faac Disbursement July, 2020.xlsx"
BENUE,7,2020,2558778481.0935,1003798623.2034,4159104745.2235003,261619915.7627,0.0,,"Faac Disbursement July, 2020.xlsx"
BORNO,7,2020,2778066625.712,1119349740.1265,4545066618.807899,284040827.282,0.0,,"Faac Disbursement July, 2020.xlsx"
CROSS RIVER,7,2020,1790932055.8715,753882752.905,2962334528.5341997,183112175.2255,0.0,,"Faac Disbursement July, 2020.xlsx"
DELTA,7,2020,2294822570.6024,1138125857.1279,3967940067.1008997,234631990.2434,0.0,,"Faac Disbursement July, 2020.xlsx"
EBONYI,7,2020,1324816114.0827,593961729.6412,2214383863.2144,135454586.1348,-13248161.1408,,"Faac Disbursement July, 2020.xlsx"
EDO,7,2020,1755849872.584,795260116.744,2960451004.9934,179525230.164,0.0,,"Faac Disbursement July, 2020.xlsx"
EKITI,7,2020,1394208473.5849,665268187.1694,2384508271.6779995,142549543.1158,0.0,,"Faac Disbursement July, 2020.xlsx"
ENUGU,7,2020,1783969574.7692,789543378.9878,2989409511.3464003,182400302.8483,0.0,,"Faac Disbursement July, 2020.xlsx"
GOMBE,7,2020,1222377198.6033,530783290.9616,2038133101.2987003,124980814.9051,0.0,,"Faac Disbursement July, 2020.xlsx"
IMO,7,2020,2390916070.9085,1090758266.0273,4039068239.5225,244456980.4254,0.0,,"Faac Disbursement July, 2020.xlsx"
JIGAWA,7,2020,2511882444.8497,1130838127.2666,4228315347.1941996,256825074.34,0.0,,"Faac Disbursement July, 2020.xlsx"
KADUNA,7,2020,2824849659.4746,1233780289.9663,4717186724.0071,288824114.8712,0.0,,"Faac Disbursement July, 2020.xlsx"
KANO,7,2020,4497402763.6829,2151673660.7979,7697555251.6787,459832744.7567,0.0,,"Faac Disbursement July, 2020.xlsx"
KATSINA,7,2020,3423949276.225,1448539540.4017,5670713594.3826,350078495.5943,0.0,,"Faac Disbursement July, 2020.xlsx"
KEBBI,7,2020,2160879517.0551,862528707.9694,3527173740.5463996,220937107.8433,0.0,,"Faac Disbursement July, 2020.xlsx"
KOGI,7,2020,2233427262.0914,875428251.5845,3629534074.0439,228354684.2713,0.0,,"Faac Disbursement July, 2020.xlsx"
KWARA,7,2020,1580383728.0902,667263269.6286,2616081617.6134996,161584858.1151,0.0,,"Faac Disbursement July, 2020.xlsx"
LAGOS,7,2020,2692177656.5626,6838039378.914,10157844006.037199,275259189.8563,0.0,,"Faac Disbursement July, 2020.xlsx"
NASSARAWA,7,2020,1409974671.5036,528549410.1321,2267231263.8996997,144161543.2954,0.0,,"Faac Disbursement July, 2020.xlsx"
NIGER,7,2020,2609754355.5487,1053100835.5512,4271266829.9406996,266831896.4318,0.0,,"Faac Disbursement July, 2020.xlsx"
OGUN,7,2020,1861789321.3268,910456575.8189,3206284560.5,190356910.1476,0.0,,"Faac Disbursement July, 2020.xlsx"
ONDO,7,2020,1778126568.3043,801710686.1213,2994371632.8006,181802890.1103,0.0,,"Faac Disbursement July, 2020.xlsx"
OSUN,7,2020,2408517393.529,1125048542.7586,4095063232.559,246256611.2162,0.0,,"Faac Disbursement July, 2020.xlsx"
OYO,7,2020,3038156768.9743,1556713843.4725,5303155641.2416,310633501.0415,0.0,,"Faac Disbursement July, 2020.xlsx"
PLATEAU,7,2020,1904517223.8311,757455078.7354,3105972115.3795996,194725584.6289,0.0,,"Faac Disbursement July, 2020.xlsx"
RIVERS,7,2020,2360754679.4686,1456141035.4193,4367258096.8428,241373157.13,0.0,,"Faac Disbursement July, 2020.xlsx"
SOKOTO,7,2020,2377645350.2368,969022353.3324,3900967805.0495,243100127.9861,0.0,,"Faac Disbursement July, 2020.xlsx"
TARABA,7,2020,1782053144.5605,653469503.6937,2850972428.759,182204359.2321,0.0,,"Faac Disbursement July, 2020.xlsx"
YOBE,7,2020,1791698262.3804,684819893.2265,2894216500.9727,183190515.2945,0.0,,"Faac Disbursement July, 2020.xlsx"
ZAMFARA,7,2020,1618919151.7514,682082991.5515,2678420520.6972,165524876.5134,0.0,,"Faac Disbursement July, 2020.xlsx"
FCT-ABUJA,7,2020,715026859.452,1940049642.9965,2821770606.2249002,73107253.3711,0.0,,"Faac Disbursement July, 2020.xlsx"
ABIA,11,2020,1348921484.7653,703020238.1707,2324413160.7267003,,-112660417.97,,"Faac Disbursement November, 2020.xlsx"
ADAMAWA,11,2020,1701470851.2541,852977456.0079,2901068116.2668,,-139168751.61,,"Faac Disbursement November, 2020.xlsx"
AKWA IBOM,11,2020,2266259190.7601,1196541902.7585,3904403324.2743998,,-205439585.71,,"Faac Disbursement November, 2020.xlsx"
ANAMBRA,11,2020,1710665780.1238,960437590.1946,3020348432.2077003,,-139168751.61,,"Faac Disbursement November, 2020.xlsx"
BAUCHI,11,2020,1941944179.8675,948346887.0218,3312195728.0146,,-132541668.2,,"Faac Disbursement November, 2020.xlsx"
BAYELSA,11,2020,790442362.8356,394234700.135,1357340346.3099003,,-53016667.28,,"Faac Disbursement November, 2020.xlsx"
BENUE,11,2020,2113135819.9395,990345658.3863,3554381977.1587,,-152422918.43,,"Faac Disbursement November, 2020.xlsx"
BORNO,11,2020,2294232244.1535,1104167995.3361,3874497416.9587,,-178931252.07,,"Faac Disbursement November, 2020.xlsx"
CROSS RIVER,11,2020,1479019268.8828,741855727.4531,2523863692.7658997,,-119287501.38,,"Faac Disbursement November, 2020.xlsx"
DELTA,11,2020,1895151069.222,1125620974.1347,3396181341.9179993,,-165677085.25,,"Faac Disbursement November, 2020.xlsx"
EBONYI,11,2020,1094083136.2255,581461998.3111,1890824935.3963003,,-97092915.6922,,"Faac Disbursement November, 2020.xlsx"
EDO,11,2020,1450047078.1699,781079256.4945,2525843153.375,,-119287501.38,,"Faac Disbursement November, 2020.xlsx"
EKITI,11,2020,1151389965.0806,648129113.9133,2022220188.183,,-106033334.56,,"Faac Disbursement November, 2020.xlsx"
ENUGU,11,2020,1473269389.2736,771704160.0634,2552947675.5818996,,-112660417.97,,"Faac Disbursement November, 2020.xlsx"
GOMBE,11,2020,1009485214.5007,524063279.5325,1748869660.0019002,,-72897917.51,,"Faac Disbursement November, 2020.xlsx"
IMO,11,2020,1974508707.6654,1067293331.679,3426614645.8968,,-178931252.07,,"Faac Disbursement November, 2020.xlsx"
JIGAWA,11,2020,2074407303.6839,1122847048.329,3610589101.7038,,-178931252.07,,"Faac Disbursement November, 2020.xlsx"
KADUNA,11,2020,2332867438.6967,1169225176.7121,4015728897.649,,-152422918.43,,"Faac Disbursement November, 2020.xlsx"
KANO,11,2020,3714124902.5091,2161261638.4964,6644218203.5222,,-291591670.04,,"Faac Disbursement November, 2020.xlsx"
KATSINA,11,2020,2827626508.003,1429549387.4538,4839173392.514099,,-225320835.94,,"Faac Disbursement November, 2020.xlsx"
KEBBI,11,2020,1784535841.5365,856338145.7629,3011209760.6633997,,-139168751.61,,"Faac Disbursement November, 2020.xlsx"
KOGI,11,2020,1844448506.8278,851468604.6698,3083358606.8981,,-139168751.61,,"Faac Disbursement November, 2020.xlsx"
KWARA,11,2020,1305140515.1921,674117397.7907,2245856487.9314,,-106033334.56,,"Faac Disbursement November, 2020.xlsx"
LAGOS,11,2020,2223301892.5863,7090296993.916,9815834255.7204,,-132541668.2,,"Faac Disbursement November, 2020.xlsx"
NASSARAWA,11,2020,1164410286.2271,517720511.1597,1928430601.0774999,,-86152084.33,,"Faac Disbursement November, 2020.xlsx"
NIGER,11,2020,2155233620.5346,1062291918.4665,3667191254.0916996,,-165677085.25,,"Faac Disbursement November, 2020.xlsx"
OGUN,11,2020,1537535872.3495,893480928.7695,2737458461.8265,,-132541668.2,,"Faac Disbursement November, 2020.xlsx"
ONDO,11,2020,1468444014.0613,786889833.7984,2555303193.2298007,,-119287501.38,,"Faac Disbursement November, 2020.xlsx"
OSUN,11,2020,1989044544.0353,1113657430.0682,3471783470.8888,,-198812502.3,,"Faac Disbursement November, 2020.xlsx"
OYO,11,2020,2509024498.4272,1749051727.6395,4755736443.832399,,-218693752.53,,"Faac Disbursement November, 2020.xlsx"
PLATEAU,11,2020,1572822186.4868,739806111.5192,2649025838.0458,,-112660417.97,,"Faac Disbursement November, 2020.xlsx"
RIVERS,11,2020,1949600292.5364,1381798322.676,3735607930.1159997,,-152422918.43,,"Faac Disbursement November, 2020.xlsx"
SOKOTO,11,2020,1963549245.7912,964018586.206,3335759725.8083,,-152422918.43,,"Faac Disbursement November, 2020.xlsx"
TARABA,11,2020,1471686728.8949,632005739.9017,2417841811.5826006,,-106033334.56,,"Faac Disbursement November, 2020.xlsx"
YOBE,11,2020,1479652031.1293,678643834.4548,2468092305.9743,,-112660417.97,,"Faac Disbursement November, 2020.xlsx"
ZAMFARA,11,2020,1336964522.1064,671323012.1735,2297226378.5223,,-92779167.74,,"Faac Disbursement November, 2020.xlsx"
FCT-ABUJA,11,2020,590496160.6061,1226732577.2793,1946059357.7237,,-39762500.46,,"Faac Disbursement November, 2020.xlsx"
